title,category,description,img_url,artist,art_theme,art_format
CITY BUILDINGS ILLUSTRATION,photography,In this craft or sullen art exercised in the still night when only the moon rages and the lovers lie abed artists create singing light not for ambition or bread but from their most secret heart for the lovers of art.,https://images.unsplash.com/photo-1551229848-24af7e52077a?ixlib=rb-1.2.1&ixid=MnwxMjA3fDB8MHxjb2xsZWN0aW9uLXBhZ2V8MXxIZkx5YVJGWnVWY3x8ZW58MHx8fHw%3D&w=400&q=80,MAZEO,b&w,lanscape
BLACK AND WHITE ABSTRACT PAINTING,photography,In this craft or sullen art exercised in the still night when only the moon rages and the lovers lie abed artists create singing light not for ambition or bread but from their most secret heart for the lovers of art.,https://images.unsplash.com/photo-1621877256129-4a4f456a9e51?ixid=MnwxMjA3fDB8MHxjb2xsZWN0aW9uLXBhZ2V8NXxIZkx5YVJGWnVWY3x8ZW58MHx8fHw%3D&ixlib=rb-1.2.1&w=400&q=80,Noelle Rebekah,b&w,lanscape
GRAYSCALE PHOTO OF LEAVES WITH WATER DROPLETS,photography,In this craft or sullen art exercised in the still night when only the moon rages and the lovers lie abed artists create singing light not for ambition or bread but from their most secret heart for the lovers of art.,https://images.unsplash.com/photo-1595362441027-df2247785967?ixid=MnwxMjA3fDB8MHxjb2xsZWN0aW9uLXBhZ2V8OXxIZkx5YVJGWnVWY3x8ZW58MHx8fHw%3D&ixlib=rb-1.2.1&w=400&q=80,Gemma Evans,b&w,lanscape
GRAYSCALE PHOTO OF METAL SPIRAL STAIRS,photography,In this craft or sullen art exercised in the still night when only the moon rages and the lovers lie abed artists create singing light not for ambition or bread but from their most secret heart for the lovers of art.,https://images.unsplash.com/photo-1588938173018-a3bc506846dd?ixid=MnwxMjA3fDB8MHxjb2xsZWN0aW9uLXBhZ2V8MTJ8SGZMeWFSRlp1VmN8fGVufDB8fHx8&ixlib=rb-1.2.1&w=400&q=80,engin akyurt,b&w,lanscape
WOMAN ILLUSTRATION PAINTING,photography,In this craft or sullen art exercised in the still night when only the moon rages and the lovers lie abed artists create singing light not for ambition or bread but from their most secret heart for the lovers of art.,https://images.unsplash.com/photo-1549277513-f1b32fe1f8f5?ixlib=rb-1.2.1&ixid=MnwxMjA3fDB8MHxjb2xsZWN0aW9uLXBhZ2V8MnxIZkx5YVJGWnVWY3x8ZW58MHx8fHw%3D&w=400&q=80,Diogo Nunes,b&w,lanscape
WHITE STRUCTURE,photography,In this craft or sullen art exercised in the still night when only the moon rages and the lovers lie abed artists create singing light not for ambition or bread but from their most secret heart for the lovers of art.,https://images.unsplash.com/photo-1557153334-3480a560a36e?ixlib=rb-1.2.1&ixid=MnwxMjA3fDB8MHxjb2xsZWN0aW9uLXBhZ2V8NHxIZkx5YVJGWnVWY3x8ZW58MHx8fHw%3D&w=400&q=80,Patrick Robert Doyle,b&w,lanscape
WOMAN STANDING IN FRONT GLASS WINDOW,photography,In this craft or sullen art exercised in the still night when only the moon rages and the lovers lie abed artists create singing light not for ambition or bread but from their most secret heart for the lovers of art.,https://images.unsplash.com/photo-1526907379376-20c930b9f5d8?ixid=MnwxMjA3fDB8MHxjb2xsZWN0aW9uLXBhZ2V8N3xIZkx5YVJGWnVWY3x8ZW58MHx8fHw%3D&ixlib=rb-1.2.1&w=400&q=80,Cristina Gottardi,b&w,lanscape
GRIDS,photography,In this craft or sullen art exercised in the still night when only the moon rages and the lovers lie abed artists create singing light not for ambition or bread but from their most secret heart for the lovers of art.,https://images.unsplash.com/photo-1524351543168-8e38787614e9?ixid=MnwxMjA3fDB8MHxjb2xsZWN0aW9uLXBhZ2V8MTB8SGZMeWFSRlp1VmN8fGVufDB8fHx8&ixlib=rb-1.2.1&w=400&q=80,Armand Khoury,b&w,lanscape
WHITE BRIDGE WITH LIGHTS,photography,In this craft or sullen art exercised in the still night when only the moon rages and the lovers lie abed artists create singing light not for ambition or bread but from their most secret heart for the lovers of art.,https://images.unsplash.com/photo-1506555004127-c7f31038ba1d?ixid=MnwxMjA3fDB8MHxjb2xsZWN0aW9uLXBhZ2V8MTN8SGZMeWFSRlp1VmN8fGVufDB8fHx8&ixlib=rb-1.2.1&w=400&q=80,Tyler Easton,b&w,lanscape
WHITE METAL FRAME IN GRAYSCALE PHOTOGRAPHY,photography,In this craft or sullen art exercised in the still night when only the moon rages and the lovers lie abed artists create singing light not for ambition or bread but from their most secret heart for the lovers of art.,https://images.unsplash.com/photo-1614814419687-58e4dea91f43?ixlib=rb-1.2.1&ixid=MnwxMjA3fDB8MHxjb2xsZWN0aW9uLXBhZ2V8M3xIZkx5YVJGWnVWY3x8ZW58MHx8fHw%3D&w=400&q=80,Raquel Moss,b&w,lanscape
BLACK BIRD ON WHITE WOODEN FENCE,photography,In this craft or sullen art exercised in the still night when only the moon rages and the lovers lie abed artists create singing light not for ambition or bread but from their most secret heart for the lovers of art.,https://images.unsplash.com/photo-1592134394047-b0abd0f995cb?ixid=MnwxMjA3fDB8MHxjb2xsZWN0aW9uLXBhZ2V8NnxIZkx5YVJGWnVWY3x8ZW58MHx8fHw%3D&ixlib=rb-1.2.1&w=400&q=80,Shrestha Basu Mallick,b&w,lanscape
MAN WALKING UP THE STAIRS PROJECTION ON MAN'S HEAD ILLUSTRATION,photography,In this craft or sullen art exercised in the still night when only the moon rages and the lovers lie abed artists create singing light not for ambition or bread but from their most secret heart for the lovers of art.,https://images.unsplash.com/photo-1541950913-18c3cf4a7a1f?ixid=MnwxMjA3fDB8MHxjb2xsZWN0aW9uLXBhZ2V8OHxIZkx5YVJGWnVWY3x8ZW58MHx8fHw%3D&ixlib=rb-1.2.1&w=400&q=80,Norbert Kowalczyk,b&w,lanscape
WHITE RIBS IN A FACADE AGAINST A WHITE SKY,photography,In this craft or sullen art exercised in the still night when only the moon rages and the lovers lie abed artists create singing light not for ambition or bread but from their most secret heart for the lovers of art.,https://images.unsplash.com/photo-1485627941502-d2e6429a8af0?ixid=MnwxMjA3fDB8MHxjb2xsZWN0aW9uLXBhZ2V8MTF8SGZMeWFSRlp1VmN8fGVufDB8fHx8&ixlib=rb-1.2.1&w=400&q=80,Luca Bravo,b&w,lanscape
BLUE WALL PAINT,photography,In this craft or sullen art exercised in the still night when only the moon rages and the lovers lie abed artists create singing light not for ambition or bread but from their most secret heart for the lovers of art.,https://images.unsplash.com/photo-1502569987184-f23646434376?ixlib=rb-1.2.1&ixid=MnwxMjA3fDB8MHxjb2xsZWN0aW9uLXBhZ2V8MXxQWVFjYldPV1ZSZ3x8ZW58MHx8fHw%3D&w=400&q=80,Nick Hillier,street,lanscape
WOMAN'S FACES GRAFFITI ON WALL,photography,In this craft or sullen art exercised in the still night when only the moon rages and the lovers lie abed artists create singing light not for ambition or bread but from their most secret heart for the lovers of art.,https://images.unsplash.com/photo-1558039974-7ab9ab4809b2?ixid=MnwxMjA3fDB8MHxjb2xsZWN0aW9uLXBhZ2V8NnxQWVFjYldPV1ZSZ3x8ZW58MHx8fHw%3D&ixlib=rb-1.2.1&w=400&q=80,Matt Briney,street,lanscape
GIRL PLAYING HEART BALLOON WALL ARTWORK,photography,In this craft or sullen art exercised in the still night when only the moon rages and the lovers lie abed artists create singing light not for ambition or bread but from their most secret heart for the lovers of art.,https://images.unsplash.com/photo-1502842294453-95e49a5ce544?ixid=MnwxMjA3fDB8MHxjb2xsZWN0aW9uLXBhZ2V8OXxQWVFjYldPV1ZSZ3x8ZW58MHx8fHw%3D&ixlib=rb-1.2.1&w=400&q=80,Eric Ward,street,lanscape
WOMAN THEMED PAINTING,photography,In this craft or sullen art exercised in the still night when only the moon rages and the lovers lie abed artists create singing light not for ambition or bread but from their most secret heart for the lovers of art.,https://images.unsplash.com/photo-1561059488-916d69792237?ixid=MnwxMjA3fDB8MHxjb2xsZWN0aW9uLXBhZ2V8MTF8UFlRY2JXT1dWUmd8fGVufDB8fHx8&ixlib=rb-1.2.1&w=400&q=80,Pascal Bernardon,street,lanscape
WOMAN FACE WALL ART,photography,In this craft or sullen art exercised in the still night when only the moon rages and the lovers lie abed artists create singing light not for ambition or bread but from their most secret heart for the lovers of art.,https://images.unsplash.com/photo-1470699518861-68cc222e800e?ixlib=rb-1.2.1&ixid=MnwxMjA3fDB8MHxjb2xsZWN0aW9uLXBhZ2V8MnxQWVFjYldPV1ZSZ3x8ZW58MHx8fHw%3D&w=400&q=80,Annie Spratt,street,lanscape
RED BLUE AND YELLOW FLOWER PAINTING,photography,In this craft or sullen art exercised in the still night when only the moon rages and the lovers lie abed artists create singing light not for ambition or bread but from their most secret heart for the lovers of art.,https://images.unsplash.com/photo-1571885921901-b0033a028c55?ixlib=rb-1.2.1&ixid=MnwxMjA3fDB8MHxjb2xsZWN0aW9uLXBhZ2V8NHxQWVFjYldPV1ZSZ3x8ZW58MHx8fHw%3D&w=400&q=80,Alejandro Barba,street,lanscape
BOY BEHIND THE CURTAIN,photography,In this craft or sullen art exercised in the still night when only the moon rages and the lovers lie abed artists create singing light not for ambition or bread but from their most secret heart for the lovers of art.,https://images.unsplash.com/photo-1601196595039-74c770ae3385?ixid=MnwxMjA3fDB8MHxjb2xsZWN0aW9uLXBhZ2V8OHxQWVFjYldPV1ZSZ3x8ZW58MHx8fHw%3D&ixlib=rb-1.2.1&w=400&q=80,Ilse Orsel,street,lanscape
TWO BLUE CRUISER BICYCLES ON GRAFFITI WALL,photography,In this craft or sullen art exercised in the still night when only the moon rages and the lovers lie abed artists create singing light not for ambition or bread but from their most secret heart for the lovers of art.,https://images.unsplash.com/photo-1499781350541-7783f6c6a0c8?ixid=MnwxMjA3fDB8MHxjb2xsZWN0aW9uLXBhZ2V8MTB8UFlRY2JXT1dWUmd8fGVufDB8fHx8&ixlib=rb-1.2.1&w=400&q=80,Timon Klauser,street,lanscape
3 MEN IN BLUE AND RED SHIRTS STANDING BESIDE BROWN WALL,photography,In this craft or sullen art exercised in the still night when only the moon rages and the lovers lie abed artists create singing light not for ambition or bread but from their most secret heart for the lovers of art.,https://images.unsplash.com/photo-1580986143590-05fa958f1ad9?ixlib=rb-1.2.1&ixid=MnwxMjA3fDB8MHxjb2xsZWN0aW9uLXBhZ2V8M3xQWVFjYldPV1ZSZ3x8ZW58MHx8fHw%3D&w=400&q=80,Quino Al,street,lanscape
ESCARGOT,photography,In this craft or sullen art exercised in the still night when only the moon rages and the lovers lie abed artists create singing light not for ambition or bread but from their most secret heart for the lovers of art.,https://images.unsplash.com/photo-1601018883915-6915a411431a?ixlib=rb-1.2.1&ixid=MnwxMjA3fDB8MHxjb2xsZWN0aW9uLXBhZ2V8NXxQWVFjYldPV1ZSZ3x8ZW58MHx8fHw%3D&w=400&q=80,Ilse Orsel,street,lanscape
MAN IN BLACK AND WHITE LONG SLEEVE SHIRT AND BLACK PANTS SITTING ON CHAIR STATUE,photography,In this craft or sullen art exercised in the still night when only the moon rages and the lovers lie abed artists create singing light not for ambition or bread but from their most secret heart for the lovers of art.,https://images.unsplash.com/photo-1613165025388-68935d0eb81a?ixid=MnwxMjA3fDB8MHxjb2xsZWN0aW9uLXBhZ2V8N3xQWVFjYldPV1ZSZ3x8ZW58MHx8fHw%3D&ixlib=rb-1.2.1&w=400&q=80,Samuel Regan-Asante,street,lanscape
BLACK WHITE AND RED ABSTRACT PAINTING,photography,In this craft or sullen art exercised in the still night when only the moon rages and the lovers lie abed artists create singing light not for ambition or bread but from their most secret heart for the lovers of art.,https://images.unsplash.com/photo-1612387030431-eea5079a88b8?ixid=MnwxMjA3fDB8MHxjb2xsZWN0aW9uLXBhZ2V8MTJ8UFlRY2JXT1dWUmd8fGVufDB8fHx8&ixlib=rb-1.2.1&w=400&q=80,Bekky Bekks,street,lanscape
POWER TO THE PEOPLE,illustration,In this craft or sullen art exercised in the still night when only the moon rages and the lovers lie abed artists create singing light not for ambition or bread but from their most secret heart for the lovers of art.,https://images.unsplash.com/photo-1611929169196-d4bc697d7dbd?ixlib=rb-1.2.1&ixid=MnwxMjA3fDB8MHxjb2xsZWN0aW9uLXBhZ2V8MXxqTXpRXzFwM3Rtd3x8ZW58MHx8fHw%3D&w=400&q=80,Shelter,illustration,lanscape
WOMAN IN BLUE AND RED DRESS PAINTING,illustration,In this craft or sullen art exercised in the still night when only the moon rages and the lovers lie abed artists create singing light not for ambition or bread but from their most secret heart for the lovers of art.,https://images.unsplash.com/photo-1599723332446-bdb4726eded6?ixid=MnwxMjA3fDB8MHxjb2xsZWN0aW9uLXBhZ2V8NnxqTXpRXzFwM3Rtd3x8ZW58MHx8fHw%3D&ixlib=rb-1.2.1&w=400&q=80,Rahadiansyah,illustration,lanscape
BLACK AND WHITE ABSTRACT PAINTING,illustration,In this craft or sullen art exercised in the still night when only the moon rages and the lovers lie abed artists create singing light not for ambition or bread but from their most secret heart for the lovers of art.,https://images.unsplash.com/photo-1589030343991-69ea1433b941?ixid=MnwxMjA3fDB8MHxjb2xsZWN0aW9uLXBhZ2V8OHxqTXpRXzFwM3Rtd3x8ZW58MHx8fHw%3D&ixlib=rb-1.2.1&w=400&q=80,Content Pixie,illustration,lanscape
MAN AND WOMAN KISSING EACH OTHER,illustration,In this craft or sullen art exercised in the still night when only the moon rages and the lovers lie abed artists create singing light not for ambition or bread but from their most secret heart for the lovers of art.,https://images.unsplash.com/photo-1584440946458-9a6b0711a952?ixlib=rb-1.2.1&ixid=MnwxMjA3fDB8MHxjb2xsZWN0aW9uLXBhZ2V8MnxqTXpRXzFwM3Rtd3x8ZW58MHx8fHw%3D&w=400&q=80,British Library,illustration,lanscape
MAN IN BLACK SUIT JACKET AND PANTS ILLUSTRATION,illustration,In this craft or sullen art exercised in the still night when only the moon rages and the lovers lie abed artists create singing light not for ambition or bread but from their most secret heart for the lovers of art.,https://images.unsplash.com/photo-1591926870242-9b01d19110d0?ixlib=rb-1.2.1&ixid=MnwxMjA3fDB8MHxjb2xsZWN0aW9uLXBhZ2V8NHxqTXpRXzFwM3Rtd3x8ZW58MHx8fHw%3D&w=400&q=80,Clarissa Watson,illustration,lanscape
HIGH RISE BUILDING SKETCH,illustration,In this craft or sullen art exercised in the still night when only the moon rages and the lovers lie abed artists create singing light not for ambition or bread but from their most secret heart for the lovers of art.,https://images.unsplash.com/photo-1530219280008-3d9e73af37b3?ixid=MnwxMjA3fDB8MHxjb2xsZWN0aW9uLXBhZ2V8N3xqTXpRXzFwM3Rtd3x8ZW58MHx8fHw%3D&ixlib=rb-1.2.1&w=400&q=80,Pawel Czerwinski,illustration,lanscape
PAIR OF BROWN SHOES,illustration,In this craft or sullen art exercised in the still night when only the moon rages and the lovers lie abed artists create singing light not for ambition or bread but from their most secret heart for the lovers of art.,https://images.unsplash.com/photo-1525307967925-80bbf097f0b3?ixid=MnwxMjA3fDB8MHxjb2xsZWN0aW9uLXBhZ2V8MTB8ak16UV8xcDN0bXd8fGVufDB8fHx8&ixlib=rb-1.2.1&w=400&q=80,JOSHUA COLEMAN,illustration,lanscape
BLUE AND WHITE CARTOON CHARACTER DRAWING,illustration,In this craft or sullen art exercised in the still night when only the moon rages and the lovers lie abed artists create singing light not for ambition or bread but from their most secret heart for the lovers of art.,https://images.unsplash.com/photo-1611645067828-d9690ae6734f?ixlib=rb-1.2.1&ixid=MnwxMjA3fDB8MHxjb2xsZWN0aW9uLXBhZ2V8M3xqTXpRXzFwM3Rtd3x8ZW58MHx8fHw%3D&w=400&q=80,Odd Fellow,illustration,lanscape
WHITE BLUE AND RED FLORAL TEXTILE,illustration,In this craft or sullen art exercised in the still night when only the moon rages and the lovers lie abed artists create singing light not for ambition or bread but from their most secret heart for the lovers of art.,https://images.unsplash.com/photo-1581345837712-414b9b6fb450?ixid=MnwxMjA3fDB8MHxjb2xsZWN0aW9uLXBhZ2V8NXxqTXpRXzFwM3Rtd3x8ZW58MHx8fHw%3D&ixlib=rb-1.2.1&w=400&q=80,Birmingham Museums Trust,illustration,lanscape
PAINTING OF GUY FAWKES AND STAR WARS STORMTROOPERS,illustration,In this craft or sullen art exercised in the still night when only the moon rages and the lovers lie abed artists create singing light not for ambition or bread but from their most secret heart for the lovers of art.,https://images.unsplash.com/photo-1490535004195-099bc723fa1f?ixid=MnwxMjA3fDB8MHxjb2xsZWN0aW9uLXBhZ2V8OXxqTXpRXzFwM3Rtd3x8ZW58MHx8fHw%3D&ixlib=rb-1.2.1&w=400&q=80,Jon Tyson,illustration,lanscape
BROWN WHITE AND YELLOW FLORAL PATTERN,illustration,In this craft or sullen art exercised in the still night when only the moon rages and the lovers lie abed artists create singing light not for ambition or bread but from their most secret heart for the lovers of art.,https://images.unsplash.com/photo-1506463108611-88834e9f6169?ixid=MnwxMjA3fDB8MHxjb2xsZWN0aW9uLXBhZ2V8MTF8ak16UV8xcDN0bXd8fGVufDB8fHx8&ixlib=rb-1.2.1&w=400&q=80,Koushik Chowdavarapu,illustration,lanscape
TIMELAPSE PHOTOGRAPHY OF TRAIN PASSING ON TRACK,mixed,In this craft or sullen art exercised in the still night when only the moon rages and the lovers lie abed artists create singing light not for ambition or bread but from their most secret heart for the lovers of art.,https://images.unsplash.com/photo-1542731538-f99c9f100885?ixlib=rb-1.2.1&ixid=MnwxMjA3fDB8MHxjb2xsZWN0aW9uLXBhZ2V8MXxlcXFEN0Z3SVhSRXx8ZW58MHx8fHw%3D&w=400&q=80,William Daigneault,mixed,lanscape
FIRE ILLUSTRATION,mixed,In this craft or sullen art exercised in the still night when only the moon rages and the lovers lie abed artists create singing light not for ambition or bread but from their most secret heart for the lovers of art.,https://images.unsplash.com/photo-1573676564138-72ff59b9e8bf?ixlib=rb-1.2.1&ixid=MnwxMjA3fDB8MHxjb2xsZWN0aW9uLXBhZ2V8NHxlcXFEN0Z3SVhSRXx8ZW58MHx8fHw%3D&w=400&q=80,Jr Korpa,mixed,lanscape
BEHIND THE GLASS WINDOW,mixed,In this craft or sullen art exercised in the still night when only the moon rages and the lovers lie abed artists create singing light not for ambition or bread but from their most secret heart for the lovers of art.,https://images.unsplash.com/photo-1564296786842-4fc88fb50485?ixid=MnwxMjA3fDB8MHxjb2xsZWN0aW9uLXBhZ2V8N3xlcXFEN0Z3SVhSRXx8ZW58MHx8fHw%3D&ixlib=rb-1.2.1&w=400&q=80,Jr Korpa,mixed,lanscape
TIME-LAPSED PHOTO OF WHITE AND RED LIGHT,mixed,In this craft or sullen art exercised in the still night when only the moon rages and the lovers lie abed artists create singing light not for ambition or bread but from their most secret heart for the lovers of art.,https://images.unsplash.com/photo-1481966115753-963394378f23?ixid=MnwxMjA3fDB8MHxjb2xsZWN0aW9uLXBhZ2V8MTB8ZXFxRDdGd0lYUkV8fGVufDB8fHx8&ixlib=rb-1.2.1&w=400&q=80,Ahmad Dirini,mixed,lanscape
GREEN AND YELLOW PLANT ON WHITE WOODEN FENCE,mixed,In this craft or sullen art exercised in the still night when only the moon rages and the lovers lie abed artists create singing light not for ambition or bread but from their most secret heart for the lovers of art.,https://images.unsplash.com/photo-1620907329188-043c2b496ff5?ixlib=rb-1.2.1&ixid=MnwxMjA3fDB8MHxjb2xsZWN0aW9uLXBhZ2V8MnxlcXFEN0Z3SVhSRXx8ZW58MHx8fHw%3D&w=400&q=80,Matt Moloney,mixed,lanscape
CLEAR GLASS WINDOW,mixed,In this craft or sullen art exercised in the still night when only the moon rages and the lovers lie abed artists create singing light not for ambition or bread but from their most secret heart for the lovers of art.,https://images.unsplash.com/photo-1572851899307-3c130a64e831?ixid=MnwxMjA3fDB8MHxjb2xsZWN0aW9uLXBhZ2V8NnxlcXFEN0Z3SVhSRXx8ZW58MHx8fHw%3D&ixlib=rb-1.2.1&w=400&q=80,Jr Korpa,mixed,lanscape
CLEAR GLASS WINDOW,mixed,In this craft or sullen art exercised in the still night when only the moon rages and the lovers lie abed artists create singing light not for ambition or bread but from their most secret heart for the lovers of art.,https://images.unsplash.com/photo-1568438350562-2cae6d394ad0?ixid=MnwxMjA3fDB8MHxjb2xsZWN0aW9uLXBhZ2V8OXxlcXFEN0Z3SVhSRXx8ZW58MHx8fHw%3D&ixlib=rb-1.2.1&w=400&q=80,Jr Korpa,mixed,lanscape
BROWN TREE PAINTING,mixed,In this craft or sullen art exercised in the still night when only the moon rages and the lovers lie abed artists create singing light not for ambition or bread but from their most secret heart for the lovers of art.,https://images.unsplash.com/photo-1575612711678-7e781546adf8?ixlib=rb-1.2.1&ixid=MnwxMjA3fDB8MHxjb2xsZWN0aW9uLXBhZ2V8M3xlcXFEN0Z3SVhSRXx8ZW58MHx8fHw%3D&w=400&q=80,Jr Korpa,mixed,lanscape
WHITE AND GREEN DIGITAL WALLPAPER,mixed,In this craft or sullen art exercised in the still night when only the moon rages and the lovers lie abed artists create singing light not for ambition or bread but from their most secret heart for the lovers of art.,https://images.unsplash.com/photo-1482747029550-096ad6aa9caf?ixid=MnwxMjA3fDB8MHxjb2xsZWN0aW9uLXBhZ2V8NXxlcXFEN0Z3SVhSRXx8ZW58MHx8fHw%3D&ixlib=rb-1.2.1&w=400&q=80,Clem Onojeghuo,mixed,lanscape
BLUE GLASS,mixed,In this craft or sullen art exercised in the still night when only the moon rages and the lovers lie abed artists create singing light not for ambition or bread but from their most secret heart for the lovers of art.,https://images.unsplash.com/photo-1492138623748-a1b1f758a762?ixid=MnwxMjA3fDB8MHxjb2xsZWN0aW9uLXBhZ2V8OHxlcXFEN0Z3SVhSRXx8ZW58MHx8fHw%3D&ixlib=rb-1.2.1&w=400&q=80,Wenniel Lun,mixed,lanscape
PERSON'S FACE,mixed,In this craft or sullen art exercised in the still night when only the moon rages and the lovers lie abed artists create singing light not for ambition or bread but from their most secret heart for the lovers of art.,https://images.unsplash.com/photo-1553490038-143ef3ab2a98?ixid=MnwxMjA3fDB8MHxjb2xsZWN0aW9uLXBhZ2V8MTF8ZXFxRDdGd0lYUkV8fGVufDB8fHx8&ixlib=rb-1.2.1&w=400&q=80,Jr Korpa,mixed,lanscape
ASSORTED CHARACTER WALL PAINTING,photography,In this craft or sullen art exercised in the still night when only the moon rages and the lovers lie abed artists create singing light not for ambition or bread but from their most secret heart for the lovers of art.,https://images.unsplash.com/photo-1520468164108-7f393c152c59?ixlib=rb-1.2.1&ixid=MnwxMjA3fDB8MHxjb2xsZWN0aW9uLXBhZ2V8MXxKNklrd19uMWtYSXx8ZW58MHx8fHw%3D&w=400&q=80,NeONBRAND,abstract,lanscape
YELLOW AND BLACK ROUND RING ON GLASS,photography,In this craft or sullen art exercised in the still night when only the moon rages and the lovers lie abed artists create singing light not for ambition or bread but from their most secret heart for the lovers of art.,https://images.unsplash.com/photo-1606372628524-8ddc21e8c453?ixlib=rb-1.2.1&ixid=MnwxMjA3fDB8MHxjb2xsZWN0aW9uLXBhZ2V8NHxKNklrd19uMWtYSXx8ZW58MHx8fHw%3D&w=400&q=80,Jr Korpa,abstract,lanscape
BLUE AND WHITE ROUND PLASTIC,photography,In this craft or sullen art exercised in the still night when only the moon rages and the lovers lie abed artists create singing light not for ambition or bread but from their most secret heart for the lovers of art.,https://images.unsplash.com/photo-1613946378659-efcff2f6d089?ixid=MnwxMjA3fDB8MHxjb2xsZWN0aW9uLXBhZ2V8OHxKNklrd19uMWtYSXx8ZW58MHx8fHw%3D&ixlib=rb-1.2.1&w=400&q=80,Pawel Czerwinski,abstract,lanscape
BLUE RED AND GREEN LIGHT,photography,In this craft or sullen art exercised in the still night when only the moon rages and the lovers lie abed artists create singing light not for ambition or bread but from their most secret heart for the lovers of art.,https://images.unsplash.com/photo-1620383074552-6938c412faf5?ixid=MnwxMjA3fDB8MHxjb2xsZWN0aW9uLXBhZ2V8MTF8SjZJa3dfbjFrWEl8fGVufDB8fHx8&ixlib=rb-1.2.1&w=400&q=80,Sammy Williams,abstract,lanscape
PEOPLE ON ROAD WITH BUILDINGS PAINTING,photography,In this craft or sullen art exercised in the still night when only the moon rages and the lovers lie abed artists create singing light not for ambition or bread but from their most secret heart for the lovers of art.,https://images.unsplash.com/photo-1577083288073-40892c0860a4?ixlib=rb-1.2.1&ixid=MnwxMjA3fDB8MHxjb2xsZWN0aW9uLXBhZ2V8MnxKNklrd19uMWtYSXx8ZW58MHx8fHw%3D&w=400&q=80,Birmingham Museums Trust,abstract,lanscape
BROWN AND BLACK ABSTRACT PAINTING,photography,In this craft or sullen art exercised in the still night when only the moon rages and the lovers lie abed artists create singing light not for ambition or bread but from their most secret heart for the lovers of art.,https://images.unsplash.com/photo-1617653848917-a60d5d96b4ac?ixid=MnwxMjA3fDB8MHxjb2xsZWN0aW9uLXBhZ2V8NnxKNklrd19uMWtYSXx8ZW58MHx8fHw%3D&ixlib=rb-1.2.1&w=400&q=80,Pawel Czerwinski,abstract,lanscape
WHITE FRONT LOAD WASHING MACHINE,photography,In this craft or sullen art exercised in the still night when only the moon rages and the lovers lie abed artists create singing light not for ambition or bread but from their most secret heart for the lovers of art.,https://images.unsplash.com/photo-1598474821521-ca48a956f925?ixid=MnwxMjA3fDB8MHxjb2xsZWN0aW9uLXBhZ2V8OXxKNklrd19uMWtYSXx8ZW58MHx8fHw%3D&ixlib=rb-1.2.1&w=400&q=80,Vinicius amnx Amano,abstract,lanscape
MULTI COLOR LEGO BLOCKS ON WHITE AND BLUE TEXTILE,photography,In this craft or sullen art exercised in the still night when only the moon rages and the lovers lie abed artists create singing light not for ambition or bread but from their most secret heart for the lovers of art.,https://images.unsplash.com/photo-1528980880469-ff813df9c374?ixlib=rb-1.2.1&ixid=MnwxMjA3fDB8MHxjb2xsZWN0aW9uLXBhZ2V8M3xKNklrd19uMWtYSXx8ZW58MHx8fHw%3D&w=400&q=80,Steve Johnson,abstract,lanscape
DROP,photography,In this craft or sullen art exercised in the still night when only the moon rages and the lovers lie abed artists create singing light not for ambition or bread but from their most secret heart for the lovers of art.,https://images.unsplash.com/photo-1551823011-b6736d157152?ixid=MnwxMjA3fDB8MHxjb2xsZWN0aW9uLXBhZ2V8NXxKNklrd19uMWtYSXx8ZW58MHx8fHw%3D&ixlib=rb-1.2.1&w=400&q=80,Stephen Hume,abstract,lanscape
COLORS,photography,In this craft or sullen art exercised in the still night when only the moon rages and the lovers lie abed artists create singing light not for ambition or bread but from their most secret heart for the lovers of art.,https://images.unsplash.com/photo-1576473318185-e5e4304f55cb?ixid=MnwxMjA3fDB8MHxjb2xsZWN0aW9uLXBhZ2V8N3xKNklrd19uMWtYSXx8ZW58MHx8fHw%3D&ixlib=rb-1.2.1&w=400&q=80,Bilal O.,abstract,lanscape
BROWN TREE UNDER BLUE SKY DURING DAYTIME,photography,In this craft or sullen art exercised in the still night when only the moon rages and the lovers lie abed artists create singing light not for ambition or bread but from their most secret heart for the lovers of art.,https://images.unsplash.com/photo-1620248716995-40148049dcf5?ixid=MnwxMjA3fDB8MHxjb2xsZWN0aW9uLXBhZ2V8MTB8SjZJa3dfbjFrWEl8fGVufDB8fHx8&ixlib=rb-1.2.1&w=400&q=80,Pete Godfrey,abstract,lanscape
BROWN BREAD WITH HOTDOG ON TOP,photography,In this craft or sullen art exercised in the still night when only the moon rages and the lovers lie abed artists create singing light not for ambition or bread but from their most secret heart for the lovers of art.,https://images.unsplash.com/photo-1612392062631-94dd858cba88?ixlib=rb-1.2.1&ixid=MnwxMjA3fDB8MHxjb2xsZWN0aW9uLXBhZ2V8MXxBdjFTMVBrNDlhZ3x8ZW58MHx8fHw%3D&w=400&q=80,Ball Park Brand,food,lanscape
TWO BULB OF GARLIC ON TOP OF CHOPPING BOARD,photography,In this craft or sullen art exercised in the still night when only the moon rages and the lovers lie abed artists create singing light not for ambition or bread but from their most secret heart for the lovers of art.,https://images.unsplash.com/photo-1491185841098-9ce20f966624?ixlib=rb-1.2.1&ixid=MnwxMjA3fDB8MHxjb2xsZWN0aW9uLXBhZ2V8NHxBdjFTMVBrNDlhZ3x8ZW58MHx8fHw%3D&w=400&q=80,Sébastien Marchand,food,lanscape
PASTA DISH ON BROWN PLATE,photography,In this craft or sullen art exercised in the still night when only the moon rages and the lovers lie abed artists create singing light not for ambition or bread but from their most secret heart for the lovers of art.,https://images.unsplash.com/photo-1515003197210-e0cd71810b5f?ixid=MnwxMjA3fDB8MHxjb2xsZWN0aW9uLXBhZ2V8N3xBdjFTMVBrNDlhZ3x8ZW58MHx8fHw%3D&ixlib=rb-1.2.1&w=400&q=80,Brooke Lark,food,lanscape
RED STRAWBERRY FRUIT,photography,In this craft or sullen art exercised in the still night when only the moon rages and the lovers lie abed artists create singing light not for ambition or bread but from their most secret heart for the lovers of art.,https://images.unsplash.com/photo-1554118879-92093d4bc16e?ixid=MnwxMjA3fDB8MHxjb2xsZWN0aW9uLXBhZ2V8MTB8QXYxUzFQazQ5YWd8fGVufDB8fHx8&ixlib=rb-1.2.1&w=400&q=80,Lewis Fagg,food,lanscape
APPLE FRUITS IN WHITE BOWL,photography,In this craft or sullen art exercised in the still night when only the moon rages and the lovers lie abed artists create singing light not for ambition or bread but from their most secret heart for the lovers of art.,https://images.unsplash.com/photo-1567980145038-eca35242bb75?ixid=MnwxMjA3fDB8MHxjb2xsZWN0aW9uLXBhZ2V8MTN8QXYxUzFQazQ5YWd8fGVufDB8fHx8&ixlib=rb-1.2.1&w=400&q=80,Joshua Rao,food,lanscape
RED ROUND FRUITS IN CLEAR GLASS JAR,photography,In this craft or sullen art exercised in the still night when only the moon rages and the lovers lie abed artists create singing light not for ambition or bread but from their most secret heart for the lovers of art.,https://images.unsplash.com/photo-1588061746323-2a182e4d3dad?ixlib=rb-1.2.1&ixid=MnwxMjA3fDB8MHxjb2xsZWN0aW9uLXBhZ2V8MnxBdjFTMVBrNDlhZ3x8ZW58MHx8fHw%3D&w=400&q=80,Zukhra Galiullina,food,lanscape
FIVE YELLOW PEAR FRUITS,photography,In this craft or sullen art exercised in the still night when only the moon rages and the lovers lie abed artists create singing light not for ambition or bread but from their most secret heart for the lovers of art.,https://images.unsplash.com/photo-1562051725-cc35a65c8227?ixid=MnwxMjA3fDB8MHxjb2xsZWN0aW9uLXBhZ2V8NXxBdjFTMVBrNDlhZ3x8ZW58MHx8fHw%3D&ixlib=rb-1.2.1&w=400&q=80,David Fartek,food,lanscape
THREE STAINLESS STEEL FORKS NEAR APPLE,photography,In this craft or sullen art exercised in the still night when only the moon rages and the lovers lie abed artists create singing light not for ambition or bread but from their most secret heart for the lovers of art.,https://images.unsplash.com/photo-1505935428862-770b6f24f629?ixid=MnwxMjA3fDB8MHxjb2xsZWN0aW9uLXBhZ2V8OHxBdjFTMVBrNDlhZ3x8ZW58MHx8fHw%3D&ixlib=rb-1.2.1&w=400&q=80,Brooke Lark,food,lanscape
SLICED GREEN AVOCADO FRUIT,photography,In this craft or sullen art exercised in the still night when only the moon rages and the lovers lie abed artists create singing light not for ambition or bread but from their most secret heart for the lovers of art.,https://images.unsplash.com/photo-1523049673857-eb18f1d7b578?ixid=MnwxMjA3fDB8MHxjb2xsZWN0aW9uLXBhZ2V8MTF8QXYxUzFQazQ5YWd8fGVufDB8fHx8&ixlib=rb-1.2.1&w=400&q=80,Thought Catalog,food,lanscape
CLOSE UP PHOTO OF LEMON FRUIT,photography,In this craft or sullen art exercised in the still night when only the moon rages and the lovers lie abed artists create singing light not for ambition or bread but from their most secret heart for the lovers of art.,https://images.unsplash.com/photo-1586878018240-912c86269bf9?ixid=MnwxMjA3fDB8MHxjb2xsZWN0aW9uLXBhZ2V8MTR8QXYxUzFQazQ5YWd8fGVufDB8fHx8&ixlib=rb-1.2.1&w=400&q=80,Sam Cernik,food,lanscape
COOKED FOOD ON WHITE CERAMIC PLATE,photography,In this craft or sullen art exercised in the still night when only the moon rages and the lovers lie abed artists create singing light not for ambition or bread but from their most secret heart for the lovers of art.,https://images.unsplash.com/photo-1599731316520-e9578fea922a?ixlib=rb-1.2.1&ixid=MnwxMjA3fDB8MHxjb2xsZWN0aW9uLXBhZ2V8M3xBdjFTMVBrNDlhZ3x8ZW58MHx8fHw%3D&w=400&q=80,Bern Fresen,food,lanscape
OATMEAL ON WHITE BOWL BESIDE YELLOW BANANA,photography,In this craft or sullen art exercised in the still night when only the moon rages and the lovers lie abed artists create singing light not for ambition or bread but from their most secret heart for the lovers of art.,https://images.unsplash.com/photo-1550461716-dbf266b2a8a7?ixid=MnwxMjA3fDB8MHxjb2xsZWN0aW9uLXBhZ2V8NnxBdjFTMVBrNDlhZ3x8ZW58MHx8fHw%3D&ixlib=rb-1.2.1&w=400&q=80,Gabrielle Henderson,food,lanscape
RED APPLE ON BLUE BOWL,photography,In this craft or sullen art exercised in the still night when only the moon rages and the lovers lie abed artists create singing light not for ambition or bread but from their most secret heart for the lovers of art.,https://images.unsplash.com/photo-1564017260548-53d614614bb2?ixid=MnwxMjA3fDB8MHxjb2xsZWN0aW9uLXBhZ2V8OXxBdjFTMVBrNDlhZ3x8ZW58MHx8fHw%3D&ixlib=rb-1.2.1&w=400&q=80,Unjay Markiewicz,food,lanscape
RED AND GREEN DRAGON FRUIT,photography,In this craft or sullen art exercised in the still night when only the moon rages and the lovers lie abed artists create singing light not for ambition or bread but from their most secret heart for the lovers of art.,https://images.unsplash.com/photo-1585138774489-caf6e48633b5?ixid=MnwxMjA3fDB8MHxjb2xsZWN0aW9uLXBhZ2V8MTJ8QXYxUzFQazQ5YWd8fGVufDB8fHx8&ixlib=rb-1.2.1&w=400&q=80,Tanaphong Toochinda,food,lanscape
PINK AND BROWN FOOD ON WHITE CERAMIC PLATE,photography,In this craft or sullen art exercised in the still night when only the moon rages and the lovers lie abed artists create singing light not for ambition or bread but from their most secret heart for the lovers of art.,https://images.unsplash.com/photo-1596354655639-6c4a5318d3d1?ixid=MnwxMjA3fDB8MHxjb2xsZWN0aW9uLXBhZ2V8MTV8QXYxUzFQazQ5YWd8fGVufDB8fHx8&ixlib=rb-1.2.1&w=400&q=80,FOODISM360,food,lanscape
MACARONS ON TABLE,photography,In this craft or sullen art exercised in the still night when only the moon rages and the lovers lie abed artists create singing light not for ambition or bread but from their most secret heart for the lovers of art.,https://images.unsplash.com/photo-1558326567-98ae2405596b?ixlib=rb-1.2.1&ixid=MnwxMjA3fDB8MHxjb2xsZWN0aW9uLXBhZ2V8MXxYVlpGRWo3bU9XSXx8ZW58MHx8fHw%3D&w=400&q=80,Heather Barnes,food,portait
PILE OF EATEN CUPCAKES,photography,In this craft or sullen art exercised in the still night when only the moon rages and the lovers lie abed artists create singing light not for ambition or bread but from their most secret heart for the lovers of art.,https://images.unsplash.com/photo-1553452118-621e1f860f43?ixlib=rb-1.2.1&ixid=MnwxMjA3fDB8MHxjb2xsZWN0aW9uLXBhZ2V8NHxYVlpGRWo3bU9XSXx8ZW58MHx8fHw%3D&w=400&q=80,Heather Barnes,food,portait
TWO SAUCES TOPPED WITH SEEDS,photography,In this craft or sullen art exercised in the still night when only the moon rages and the lovers lie abed artists create singing light not for ambition or bread but from their most secret heart for the lovers of art.,https://images.unsplash.com/photo-1476718406336-bb5a9690ee2a?ixid=MnwxMjA3fDB8MHxjb2xsZWN0aW9uLXBhZ2V8N3xYVlpGRWo3bU9XSXx8ZW58MHx8fHw%3D&ixlib=rb-1.2.1&w=400&q=80,Cala,food,portait
SLICED ORANGE FRUIT IN BOWL,photography,In this craft or sullen art exercised in the still night when only the moon rages and the lovers lie abed artists create singing light not for ambition or bread but from their most secret heart for the lovers of art.,https://images.unsplash.com/photo-1551410224-699683e15636?ixid=MnwxMjA3fDB8MHxjb2xsZWN0aW9uLXBhZ2V8MTB8WFZaRkVqN21PV0l8fGVufDB8fHx8&ixlib=rb-1.2.1&w=400&q=80,Mae Mu,food,portait
TIMELAPSE PHOTO OF MAN HOLDING BURGER,photography,In this craft or sullen art exercised in the still night when only the moon rages and the lovers lie abed artists create singing light not for ambition or bread but from their most secret heart for the lovers of art.,https://images.unsplash.com/photo-1530554764233-e79e16c91d08?ixlib=rb-1.2.1&ixid=MnwxMjA3fDB8MHxjb2xsZWN0aW9uLXBhZ2V8MnxYVlpGRWo3bU9XSXx8ZW58MHx8fHw%3D&w=400&q=80,Pablo Merchán Montes,food,portait
STRAWBERRY ICE CREAM ON CONE,photography,In this craft or sullen art exercised in the still night when only the moon rages and the lovers lie abed artists create singing light not for ambition or bread but from their most secret heart for the lovers of art.,https://images.unsplash.com/photo-1497034825429-c343d7c6a68f?ixid=MnwxMjA3fDB8MHxjb2xsZWN0aW9uLXBhZ2V8NnxYVlpGRWo3bU9XSXx8ZW58MHx8fHw%3D&ixlib=rb-1.2.1&w=400&q=80,ian dooley,food,portait
VARIETY OF SLICED FRUITS,photography,In this craft or sullen art exercised in the still night when only the moon rages and the lovers lie abed artists create singing light not for ambition or bread but from their most secret heart for the lovers of art.,https://images.unsplash.com/photo-1563298998-c743b38848b0?ixid=MnwxMjA3fDB8MHxjb2xsZWN0aW9uLXBhZ2V8OXxYVlpGRWo3bU9XSXx8ZW58MHx8fHw%3D&ixlib=rb-1.2.1&w=400&q=80,Miranda Fritz,food,portait
PERSON POURING COLA ON BROCCOLI,photography,In this craft or sullen art exercised in the still night when only the moon rages and the lovers lie abed artists create singing light not for ambition or bread but from their most secret heart for the lovers of art.,https://images.unsplash.com/photo-1546241072-48010ad2862c?ixlib=rb-1.2.1&ixid=MnwxMjA3fDB8MHxjb2xsZWN0aW9uLXBhZ2V8M3xYVlpGRWo3bU9XSXx8ZW58MHx8fHw%3D&w=400&q=80,Sam Hojati,food,portait
PANCAKE WITH ORANGE AND BLUEBERRIES BESIDE SCATTERED CHOCOLATE AND COFFEE BEANS,photography,In this craft or sullen art exercised in the still night when only the moon rages and the lovers lie abed artists create singing light not for ambition or bread but from their most secret heart for the lovers of art.,https://images.unsplash.com/photo-1532980400857-e8d9d275d858?ixid=MnwxMjA3fDB8MHxjb2xsZWN0aW9uLXBhZ2V8NXxYVlpGRWo3bU9XSXx8ZW58MHx8fHw%3D&ixlib=rb-1.2.1&w=400&q=80,Monika Grabkowska,food,portait
TOAST BREAD WITH BLUEBERRY ON BLACK PLATE,photography,In this craft or sullen art exercised in the still night when only the moon rages and the lovers lie abed artists create singing light not for ambition or bread but from their most secret heart for the lovers of art.,https://images.unsplash.com/photo-1484723091739-30a097e8f929?ixid=MnwxMjA3fDB8MHxjb2xsZWN0aW9uLXBhZ2V8OHxYVlpGRWo3bU9XSXx8ZW58MHx8fHw%3D&ixlib=rb-1.2.1&w=400&q=80,Joseph Gonzalez,food,portait
BROWN AND BLACK NUT LOT,photography,In this craft or sullen art exercised in the still night when only the moon rages and the lovers lie abed artists create singing light not for ambition or bread but from their most secret heart for the lovers of art.,https://images.unsplash.com/photo-1580150647603-497ef0c8e990?ixid=MnwxMjA3fDB8MHxjb2xsZWN0aW9uLXBhZ2V8MTF8WFZaRkVqN21PV0l8fGVufDB8fHx8&ixlib=rb-1.2.1&w=400&q=80,FOODISM360,food,portait
SEASHORE DURING GOLDEN HOUR,photography,In this craft or sullen art exercised in the still night when only the moon rages and the lovers lie abed artists create singing light not for ambition or bread but from their most secret heart for the lovers of art.,https://images.unsplash.com/photo-1507525428034-b723cf961d3e?ixlib=rb-1.2.1&ixid=MnwxMjA3fDB8MHxjb2xsZWN0aW9uLXBhZ2V8MXwzRnlZSzhQejM0VXx8ZW58MHx8fHw%3D&w=400&q=80,Sean O.,nature,lanscape
GREEN LEAF TREE UNDER BLUE SKY,photography,In this craft or sullen art exercised in the still night when only the moon rages and the lovers lie abed artists create singing light not for ambition or bread but from their most secret heart for the lovers of art.,https://images.unsplash.com/photo-1502082553048-f009c37129b9?ixlib=rb-1.2.1&ixid=MnwxMjA3fDB8MHxjb2xsZWN0aW9uLXBhZ2V8NHwzRnlZSzhQejM0VXx8ZW58MHx8fHw%3D&w=400&q=80,niko photos,nature,lanscape
GREEN TREES ON FOREST DURING DAYTIME,photography,In this craft or sullen art exercised in the still night when only the moon rages and the lovers lie abed artists create singing light not for ambition or bread but from their most secret heart for the lovers of art.,https://images.unsplash.com/photo-1602183245419-82ae4ff801d4?ixid=MnwxMjA3fDB8MHxjb2xsZWN0aW9uLXBhZ2V8N3wzRnlZSzhQejM0VXx8ZW58MHx8fHw%3D&ixlib=rb-1.2.1&w=400&q=80,Dylan Leagh,nature,lanscape
SCENERY OF MOUNTAIN CANYON,photography,In this craft or sullen art exercised in the still night when only the moon rages and the lovers lie abed artists create singing light not for ambition or bread but from their most secret heart for the lovers of art.,https://images.unsplash.com/photo-1479030160180-b1860951d696?ixid=MnwxMjA3fDB8MHxjb2xsZWN0aW9uLXBhZ2V8MTB8M0Z5WUs4UHozNFV8fGVufDB8fHx8&ixlib=rb-1.2.1&w=400&q=80,Ashim D’Silva,nature,lanscape
BROWN AND GREEN LEAVES IN CLOSE UP PHOTOGRAPHY,photography,In this craft or sullen art exercised in the still night when only the moon rages and the lovers lie abed artists create singing light not for ambition or bread but from their most secret heart for the lovers of art.,https://images.unsplash.com/photo-1605693610543-d6dab1e9591e?ixid=MnwxMjA3fDB8MHxjb2xsZWN0aW9uLXBhZ2V8MTN8M0Z5WUs4UHozNFV8fGVufDB8fHx8&ixlib=rb-1.2.1&w=400&q=80,Raimond Klavins,nature,lanscape
BODY OF WATER SURROUNDING WITH TREES,photography,In this craft or sullen art exercised in the still night when only the moon rages and the lovers lie abed artists create singing light not for ambition or bread but from their most secret heart for the lovers of art.,https://images.unsplash.com/photo-1465189684280-6a8fa9b19a7a?ixlib=rb-1.2.1&ixid=MnwxMjA3fDB8MHxjb2xsZWN0aW9uLXBhZ2V8MnwzRnlZSzhQejM0VXx8ZW58MHx8fHw%3D&w=400&q=80,Kalen Emsley,nature,lanscape
DESERT DURING DAYTIME,photography,In this craft or sullen art exercised in the still night when only the moon rages and the lovers lie abed artists create singing light not for ambition or bread but from their most secret heart for the lovers of art.,https://images.unsplash.com/photo-1552995337-901e5b1c1b6f?ixid=MnwxMjA3fDB8MHxjb2xsZWN0aW9uLXBhZ2V8NnwzRnlZSzhQejM0VXx8ZW58MHx8fHw%3D&ixlib=rb-1.2.1&w=400&q=80,Sergey Pesterev,nature,lanscape
YELLOW LEAF TREES DURING DAYTIME,photography,In this craft or sullen art exercised in the still night when only the moon rages and the lovers lie abed artists create singing light not for ambition or bread but from their most secret heart for the lovers of art.,https://images.unsplash.com/photo-1602000750439-ecc6271ef9e5?ixid=MnwxMjA3fDB8MHxjb2xsZWN0aW9uLXBhZ2V8OHwzRnlZSzhQejM0VXx8ZW58MHx8fHw%3D&ixlib=rb-1.2.1&w=400&q=80,Intricate Explorer,nature,lanscape
GREEN LEAF PLANT INSIDE GREENHOUSE,photography,In this craft or sullen art exercised in the still night when only the moon rages and the lovers lie abed artists create singing light not for ambition or bread but from their most secret heart for the lovers of art.,https://images.unsplash.com/photo-1563482024916-100700193e48?ixid=MnwxMjA3fDB8MHxjb2xsZWN0aW9uLXBhZ2V8MTF8M0Z5WUs4UHozNFV8fGVufDB8fHx8&ixlib=rb-1.2.1&w=400&q=80,Gemma Evans,nature,lanscape
BROWN MAPLE LEAF IN TILT SHIFT LENS,photography,In this craft or sullen art exercised in the still night when only the moon rages and the lovers lie abed artists create singing light not for ambition or bread but from their most secret heart for the lovers of art.,https://images.unsplash.com/photo-1614521999158-568a21f66f54?ixid=MnwxMjA3fDB8MHxjb2xsZWN0aW9uLXBhZ2V8MTR8M0Z5WUs4UHozNFV8fGVufDB8fHx8&ixlib=rb-1.2.1&w=400&q=80,Raimond Klavins,nature,lanscape
SHORELINE DURING GOLDEN HOUR,photography,In this craft or sullen art exercised in the still night when only the moon rages and the lovers lie abed artists create singing light not for ambition or bread but from their most secret heart for the lovers of art.,https://images.unsplash.com/photo-1474524955719-b9f87c50ce47?ixlib=rb-1.2.1&ixid=MnwxMjA3fDB8MHxjb2xsZWN0aW9uLXBhZ2V8M3wzRnlZSzhQejM0VXx8ZW58MHx8fHw%3D&w=400&q=80,frank mckenna,nature,lanscape
GREEN PLANT,photography,In this craft or sullen art exercised in the still night when only the moon rages and the lovers lie abed artists create singing light not for ambition or bread but from their most secret heart for the lovers of art.,https://images.unsplash.com/photo-1567533295524-b842a768ca1f?ixid=MnwxMjA3fDB8MHxjb2xsZWN0aW9uLXBhZ2V8NXwzRnlZSzhQejM0VXx8ZW58MHx8fHw%3D&ixlib=rb-1.2.1&w=400&q=80,Mette van der Linden,nature,lanscape
WHITE DANDELION FLOWERS,photography,In this craft or sullen art exercised in the still night when only the moon rages and the lovers lie abed artists create singing light not for ambition or bread but from their most secret heart for the lovers of art.,https://images.unsplash.com/reserve/d1Ntvq9mSVmV0RcnWN1Y_23rd%20Studios%20Photography%20Boulder%20Colorado.jpg?ixid=MnwxMjA3fDB8MHxjb2xsZWN0aW9uLXBhZ2V8OXwzRnlZSzhQejM0VXx8ZW58MHx8fHw%3D&ixlib=rb-1.2.1&w=400&q=80,Paul Talbot,nature,lanscape
GREEN AND YELLOW LOTUS FLOWER,photography,In this craft or sullen art exercised in the still night when only the moon rages and the lovers lie abed artists create singing light not for ambition or bread but from their most secret heart for the lovers of art.,https://images.unsplash.com/photo-1597173536396-cc6ceba29e4b?ixid=MnwxMjA3fDB8MHxjb2xsZWN0aW9uLXBhZ2V8MTJ8M0Z5WUs4UHozNFV8fGVufDB8fHx8&ixlib=rb-1.2.1&w=400&q=80,Gemma Evans,nature,lanscape
GREEN AND BLUE SUCCULENT PLANTS,photography,In this craft or sullen art exercised in the still night when only the moon rages and the lovers lie abed artists create singing light not for ambition or bread but from their most secret heart for the lovers of art.,https://images.unsplash.com/photo-1552447921-9e3e55235b84?ixid=MnwxMjA3fDB8MHxjb2xsZWN0aW9uLXBhZ2V8MTV8M0Z5WUs4UHozNFV8fGVufDB8fHx8&ixlib=rb-1.2.1&w=400&q=80,Zane Lee,nature,lanscape
SELECTIVE FOCUS PHOTOGRAPHY OF HORSES,photography,In this craft or sullen art exercised in the still night when only the moon rages and the lovers lie abed artists create singing light not for ambition or bread but from their most secret heart for the lovers of art.,https://images.unsplash.com/photo-1551098891-7a1c852f6c6b?ixlib=rb-1.2.1&ixid=MnwxMjA3fDB8MHxjb2xsZWN0aW9uLXBhZ2V8MXxNZGRMdmh0eVd6Z3x8ZW58MHx8fHw%3D&w=400&q=80,Doruk Yemenici,animal,lanscape
BROWN FOX ON GRAY TREE BRANCH,photography,In this craft or sullen art exercised in the still night when only the moon rages and the lovers lie abed artists create singing light not for ambition or bread but from their most secret heart for the lovers of art.,https://images.unsplash.com/photo-1604686323988-680452835286?ixid=MnwxMjA3fDB8MHxjb2xsZWN0aW9uLXBhZ2V8NXxNZGRMdmh0eVd6Z3x8ZW58MHx8fHw%3D&ixlib=rb-1.2.1&w=400&q=80,Sam Moqadam,animal,lanscape
STREET ART,photography,In this craft or sullen art exercised in the still night when only the moon rages and the lovers lie abed artists create singing light not for ambition or bread but from their most secret heart for the lovers of art.,https://images.unsplash.com/photo-1576763738556-3c5e419d979e?ixid=MnwxMjA3fDB8MHxjb2xsZWN0aW9uLXBhZ2V8OHxNZGRMdmh0eVd6Z3x8ZW58MHx8fHw%3D&ixlib=rb-1.2.1&w=400&q=80,Nick Fewings,animal,lanscape
ORANGE JELLYFISH,photography,In this craft or sullen art exercised in the still night when only the moon rages and the lovers lie abed artists create singing light not for ambition or bread but from their most secret heart for the lovers of art.,https://images.unsplash.com/photo-1529636081803-516664fcbe00?ixid=MnwxMjA3fDB8MHxjb2xsZWN0aW9uLXBhZ2V8MTF8TWRkTHZodHlXemd8fGVufDB8fHx8&ixlib=rb-1.2.1&w=400&q=80,Julian Villella,animal,lanscape
YELLOW AND BLACK CHEETAH,photography,In this craft or sullen art exercised in the still night when only the moon rages and the lovers lie abed artists create singing light not for ambition or bread but from their most secret heart for the lovers of art.,https://images.unsplash.com/photo-1497899236524-c79659901d7c?ixlib=rb-1.2.1&ixid=MnwxMjA3fDB8MHxjb2xsZWN0aW9uLXBhZ2V8MnxNZGRMdmh0eVd6Z3x8ZW58MHx8fHw%3D&w=400&q=80,Cara Fuller,animal,lanscape
SELECTIVE FOCUSED PHOTO OF A SPIDER WEB WITH WATER DROPS,photography,In this craft or sullen art exercised in the still night when only the moon rages and the lovers lie abed artists create singing light not for ambition or bread but from their most secret heart for the lovers of art.,https://images.unsplash.com/photo-1444858198890-97748c4f3f0f?ixlib=rb-1.2.1&ixid=MnwxMjA3fDB8MHxjb2xsZWN0aW9uLXBhZ2V8NHxNZGRMdmh0eVd6Z3x8ZW58MHx8fHw%3D&w=400&q=80,Frances Gunn,animal,lanscape
WHITE AND BROWN SEASHELL LOT,photography,In this craft or sullen art exercised in the still night when only the moon rages and the lovers lie abed artists create singing light not for ambition or bread but from their most secret heart for the lovers of art.,https://images.unsplash.com/photo-1614081051719-741fa213aa9c?ixid=MnwxMjA3fDB8MHxjb2xsZWN0aW9uLXBhZ2V8N3xNZGRMdmh0eVd6Z3x8ZW58MHx8fHw%3D&ixlib=rb-1.2.1&w=400&q=80,Mr Xerty,animal,lanscape
BLUE SIAMESE FIGHTING FISH,photography,In this craft or sullen art exercised in the still night when only the moon rages and the lovers lie abed artists create singing light not for ambition or bread but from their most secret heart for the lovers of art.,https://images.unsplash.com/photo-1534575180408-b7d7c0136ee8?ixid=MnwxMjA3fDB8MHxjb2xsZWN0aW9uLXBhZ2V8MTB8TWRkTHZodHlXemd8fGVufDB8fHx8&ixlib=rb-1.2.1&w=400&q=80,Kyaw Tun,animal,lanscape
RED AND WHITE ROUND FRUITS,photography,In this craft or sullen art exercised in the still night when only the moon rages and the lovers lie abed artists create singing light not for ambition or bread but from their most secret heart for the lovers of art.,https://images.unsplash.com/photo-1616616839400-67b1b67e84ad?ixid=MnwxMjA3fDB8MHxjb2xsZWN0aW9uLXBhZ2V8MTN8TWRkTHZodHlXemd8fGVufDB8fHx8&ixlib=rb-1.2.1&w=400&q=80,Sigmund,animal,lanscape
FOCUS PHOTOGRAPHY OF GREY DOG DURING DAYTIME,photography,In this craft or sullen art exercised in the still night when only the moon rages and the lovers lie abed artists create singing light not for ambition or bread but from their most secret heart for the lovers of art.,https://images.unsplash.com/photo-1493916665398-143bdeabe500?ixlib=rb-1.2.1&ixid=MnwxMjA3fDB8MHxjb2xsZWN0aW9uLXBhZ2V8M3xNZGRMdmh0eVd6Z3x8ZW58MHx8fHw%3D&w=400&q=80,Alexandru Rotariu,animal,lanscape
BROWN YAK ON SNOWY FIELD,photography,In this craft or sullen art exercised in the still night when only the moon rages and the lovers lie abed artists create singing light not for ambition or bread but from their most secret heart for the lovers of art.,https://images.unsplash.com/photo-1549028119-51a9ba7e8032?ixid=MnwxMjA3fDB8MHxjb2xsZWN0aW9uLXBhZ2V8NnxNZGRMdmh0eVd6Z3x8ZW58MHx8fHw%3D&ixlib=rb-1.2.1&w=400&q=80,Siora Photography,animal,lanscape
PHOTO OF ANIMAL EYES,photography,In this craft or sullen art exercised in the still night when only the moon rages and the lovers lie abed artists create singing light not for ambition or bread but from their most secret heart for the lovers of art.,https://images.unsplash.com/photo-1508086124809-e4a7c34a36f2?ixid=MnwxMjA3fDB8MHxjb2xsZWN0aW9uLXBhZ2V8OXxNZGRMdmh0eVd6Z3x8ZW58MHx8fHw%3D&ixlib=rb-1.2.1&w=400&q=80,Akin,animal,lanscape
BROWN AND BLACK TURTLE ON GREEN GRASS,photography,In this craft or sullen art exercised in the still night when only the moon rages and the lovers lie abed artists create singing light not for ambition or bread but from their most secret heart for the lovers of art.,https://images.unsplash.com/photo-1601736338845-74144d62f017?ixid=MnwxMjA3fDB8MHxjb2xsZWN0aW9uLXBhZ2V8MTJ8TWRkTHZodHlXemd8fGVufDB8fHx8&ixlib=rb-1.2.1&w=400&q=80,Aynaz shahtale,animal,lanscape
PURPLE WHITE AND PINK FLORAL PAINTING,photography,In this craft or sullen art exercised in the still night when only the moon rages and the lovers lie abed artists create singing light not for ambition or bread but from their most secret heart for the lovers of art.,https://images.unsplash.com/photo-1516705486637-7b01bf9b9d13?ixlib=rb-1.2.1&ixid=MnwxMjA3fDB8MHxjb2xsZWN0aW9uLXBhZ2V8MXxXWjZFUEVoRTRxTXx8ZW58MHx8fHw%3D&w=400&q=80,Annie Spratt,flower,lanscape
RED AND GREEN LEAF PLANT,photography,In this craft or sullen art exercised in the still night when only the moon rages and the lovers lie abed artists create singing light not for ambition or bread but from their most secret heart for the lovers of art.,https://images.unsplash.com/photo-1597189565612-848797ffced0?ixid=MnwxMjA3fDB8MHxjb2xsZWN0aW9uLXBhZ2V8NnxXWjZFUEVoRTRxTXx8ZW58MHx8fHw%3D&ixlib=rb-1.2.1&w=400&q=80,Dustin Humes,flower,lanscape
PURPLE FLOWER IN TILT SHIFT LENS,photography,In this craft or sullen art exercised in the still night when only the moon rages and the lovers lie abed artists create singing light not for ambition or bread but from their most secret heart for the lovers of art.,https://images.unsplash.com/photo-1604231483001-617121897d94?ixid=MnwxMjA3fDB8MHxjb2xsZWN0aW9uLXBhZ2V8OXxXWjZFUEVoRTRxTXx8ZW58MHx8fHw%3D&ixlib=rb-1.2.1&w=400&q=80,Sophie Walker,flower,lanscape
PURPLE FLOWER IN MACRO LENS,photography,In this craft or sullen art exercised in the still night when only the moon rages and the lovers lie abed artists create singing light not for ambition or bread but from their most secret heart for the lovers of art.,https://images.unsplash.com/photo-1592170038610-ffb92dd1c77c?ixid=MnwxMjA3fDB8MHxjb2xsZWN0aW9uLXBhZ2V8MTJ8V1o2RVBFaEU0cU18fGVufDB8fHx8&ixlib=rb-1.2.1&w=400&q=80,Victoria,flower,lanscape
BLUE AND BLACK BUTTERFLIES ON BLUE SKY DURING DAYTIME,photography,In this craft or sullen art exercised in the still night when only the moon rages and the lovers lie abed artists create singing light not for ambition or bread but from their most secret heart for the lovers of art.,https://images.unsplash.com/photo-1607077297306-495255162948?ixlib=rb-1.2.1&ixid=MnwxMjA3fDB8MHxjb2xsZWN0aW9uLXBhZ2V8MnxXWjZFUEVoRTRxTXx8ZW58MHx8fHw%3D&w=400&q=80,Tamanna Rumee,flower,lanscape
YELLOW AND RED FLOWER IN BLOOM,photography,In this craft or sullen art exercised in the still night when only the moon rages and the lovers lie abed artists create singing light not for ambition or bread but from their most secret heart for the lovers of art.,https://images.unsplash.com/photo-1594935389185-0bdc3fe8061e?ixlib=rb-1.2.1&ixid=MnwxMjA3fDB8MHxjb2xsZWN0aW9uLXBhZ2V8NHxXWjZFUEVoRTRxTXx8ZW58MHx8fHw%3D&w=400&q=80,Sergey Lapunin,flower,lanscape
YELLOW FLOWER IN MACRO LENS,photography,In this craft or sullen art exercised in the still night when only the moon rages and the lovers lie abed artists create singing light not for ambition or bread but from their most secret heart for the lovers of art.,https://images.unsplash.com/photo-1612529033556-1a07a99c73d0?ixid=MnwxMjA3fDB8MHxjb2xsZWN0aW9uLXBhZ2V8N3xXWjZFUEVoRTRxTXx8ZW58MHx8fHw%3D&ixlib=rb-1.2.1&w=400&q=80,Kilimanjaro STUDIOz,flower,lanscape
PINK AND WHITE FLOWER IN MACRO LENS,photography,In this craft or sullen art exercised in the still night when only the moon rages and the lovers lie abed artists create singing light not for ambition or bread but from their most secret heart for the lovers of art.,https://images.unsplash.com/photo-1592156555910-9f692122ce5f?ixid=MnwxMjA3fDB8MHxjb2xsZWN0aW9uLXBhZ2V8MTF8V1o2RVBFaEU0cU18fGVufDB8fHx8&ixlib=rb-1.2.1&w=400&q=80,Jatte Lens,flower,lanscape
INSIDE THE FLOWER,photography,In this craft or sullen art exercised in the still night when only the moon rages and the lovers lie abed artists create singing light not for ambition or bread but from their most secret heart for the lovers of art.,https://images.unsplash.com/photo-1620067403997-32866715abe1?ixlib=rb-1.2.1&ixid=MnwxMjA3fDB8MHxjb2xsZWN0aW9uLXBhZ2V8M3xXWjZFUEVoRTRxTXx8ZW58MHx8fHw%3D&w=400&q=80,Dennis Groom,flower,lanscape
RED AND BLACK ABSTRACT PAINTING,photography,In this craft or sullen art exercised in the still night when only the moon rages and the lovers lie abed artists create singing light not for ambition or bread but from their most secret heart for the lovers of art.,https://images.unsplash.com/photo-1581488065983-aac39c4a84f5?ixid=MnwxMjA3fDB8MHxjb2xsZWN0aW9uLXBhZ2V8NXxXWjZFUEVoRTRxTXx8ZW58MHx8fHw%3D&ixlib=rb-1.2.1&w=400&q=80,Jr Korpa,flower,lanscape
WHITE AND YELLOW DAISY FLOWERS,photography,In this craft or sullen art exercised in the still night when only the moon rages and the lovers lie abed artists create singing light not for ambition or bread but from their most secret heart for the lovers of art.,https://images.unsplash.com/photo-1594569476253-b6d888ca992d?ixid=MnwxMjA3fDB8MHxjb2xsZWN0aW9uLXBhZ2V8OHxXWjZFUEVoRTRxTXx8ZW58MHx8fHw%3D&ixlib=rb-1.2.1&w=400&q=80,Tetiana SHYSHKINA,flower,lanscape
CLUSTER OF PURPLE AND GREEN PETALED FLOWER,photography,In this craft or sullen art exercised in the still night when only the moon rages and the lovers lie abed artists create singing light not for ambition or bread but from their most secret heart for the lovers of art.,https://images.unsplash.com/photo-1464062325294-ca80fcb74d31?ixid=MnwxMjA3fDB8MHxjb2xsZWN0aW9uLXBhZ2V8MTB8V1o2RVBFaEU0cU18fGVufDB8fHx8&ixlib=rb-1.2.1&w=400&q=80,Joey Kyber,flower,lanscape
LOW-ANGLE PHOTOGRAPHY OF BUILDING WITH RED GREEN AND WHITE CURTAIN WALL,photography,In this craft or sullen art exercised in the still night when only the moon rages and the lovers lie abed artists create singing light not for ambition or bread but from their most secret heart for the lovers of art.,https://images.unsplash.com/photo-1483792879322-696964487a67?ixlib=rb-1.2.1&ixid=MnwxMjA3fDB8MHxjb2xsZWN0aW9uLXBhZ2V8MXxIdjhCQUFyNTBoTXx8ZW58MHx8fHw%3D&w=400&q=80,Scott Webb,photography,lanscape
ASSORTED-COLOR LOCKERS,photography,In this craft or sullen art exercised in the still night when only the moon rages and the lovers lie abed artists create singing light not for ambition or bread but from their most secret heart for the lovers of art.,https://images.unsplash.com/photo-1504275107627-0c2ba7a43dba?ixlib=rb-1.2.1&ixid=MnwxMjA3fDB8MHxjb2xsZWN0aW9uLXBhZ2V8NHxIdjhCQUFyNTBoTXx8ZW58MHx8fHw%3D&w=400&q=80,moren hsu,photography,lanscape
BLACK METAL GATE WITH WHITE SNOW,photography,In this craft or sullen art exercised in the still night when only the moon rages and the lovers lie abed artists create singing light not for ambition or bread but from their most secret heart for the lovers of art.,https://images.unsplash.com/photo-1586251695724-b3059647e272?ixid=MnwxMjA3fDB8MHxjb2xsZWN0aW9uLXBhZ2V8OHxIdjhCQUFyNTBoTXx8ZW58MHx8fHw%3D&ixlib=rb-1.2.1&w=400&q=80,Barthelemy de Mazenod,photography,lanscape
WATER DEW ON WHITE TEXTILE,photography,In this craft or sullen art exercised in the still night when only the moon rages and the lovers lie abed artists create singing light not for ambition or bread but from their most secret heart for the lovers of art.,https://images.unsplash.com/photo-1580375625243-bb7bb3407610?ixid=MnwxMjA3fDB8MHxjb2xsZWN0aW9uLXBhZ2V8MTF8SHY4QkFBcjUwaE18fGVufDB8fHx8&ixlib=rb-1.2.1&w=400&q=80,Jay Short,photography,lanscape
SILHOUETTE OF BODY OF WATER DURING SUNSET,photography,In this craft or sullen art exercised in the still night when only the moon rages and the lovers lie abed artists create singing light not for ambition or bread but from their most secret heart for the lovers of art.,https://images.unsplash.com/photo-1592612322877-fad301d014d5?ixid=MnwxMjA3fDB8MHxjb2xsZWN0aW9uLXBhZ2V8MTN8SHY4QkFBcjUwaE18fGVufDB8fHx8&ixlib=rb-1.2.1&w=400&q=80,Marek Slomkowski,photography,lanscape
DRY WATERCOLOR PALETTE CASE,photography,In this craft or sullen art exercised in the still night when only the moon rages and the lovers lie abed artists create singing light not for ambition or bread but from their most secret heart for the lovers of art.,https://images.unsplash.com/photo-1520882089059-2d00b02047fc?ixlib=rb-1.2.1&ixid=MnwxMjA3fDB8MHxjb2xsZWN0aW9uLXBhZ2V8MnxIdjhCQUFyNTBoTXx8ZW58MHx8fHw%3D&w=400&q=80,Steve Johnson,photography,lanscape
ASSORTED-COLOR OPENED UMBRELLAS,photography,In this craft or sullen art exercised in the still night when only the moon rages and the lovers lie abed artists create singing light not for ambition or bread but from their most secret heart for the lovers of art.,https://images.unsplash.com/photo-1535911062114-764574491173?ixid=MnwxMjA3fDB8MHxjb2xsZWN0aW9uLXBhZ2V8NXxIdjhCQUFyNTBoTXx8ZW58MHx8fHw%3D&ixlib=rb-1.2.1&w=400&q=80,Ricardo Resende,photography,lanscape
BLUE AND WHITE FLOWER PETALS,photography,In this craft or sullen art exercised in the still night when only the moon rages and the lovers lie abed artists create singing light not for ambition or bread but from their most secret heart for the lovers of art.,https://images.unsplash.com/photo-1582209009435-4953bc3e57ce?ixid=MnwxMjA3fDB8MHxjb2xsZWN0aW9uLXBhZ2V8N3xIdjhCQUFyNTBoTXx8ZW58MHx8fHw%3D&ixlib=rb-1.2.1&w=400&q=80,Bilal O.,photography,lanscape
MULTI COLORED UMBRELLA ON WHITE BACKGROUND,photography,In this craft or sullen art exercised in the still night when only the moon rages and the lovers lie abed artists create singing light not for ambition or bread but from their most secret heart for the lovers of art.,https://images.unsplash.com/photo-1598058953323-b1fee8451d8f?ixid=MnwxMjA3fDB8MHxjb2xsZWN0aW9uLXBhZ2V8MTB8SHY4QkFBcjUwaE18fGVufDB8fHx8&ixlib=rb-1.2.1&w=400&q=80,Divyangi K,photography,lanscape
TILES,photography,In this craft or sullen art exercised in the still night when only the moon rages and the lovers lie abed artists create singing light not for ambition or bread but from their most secret heart for the lovers of art.,https://images.unsplash.com/photo-1458682625221-3a45f8a844c7?ixlib=rb-1.2.1&ixid=MnwxMjA3fDB8MHxjb2xsZWN0aW9uLXBhZ2V8M3xIdjhCQUFyNTBoTXx8ZW58MHx8fHw%3D&w=400&q=80,Andrew Ridley,photography,lanscape
BROWN AND BLACK FLORAL TEXTILE,photography,In this craft or sullen art exercised in the still night when only the moon rages and the lovers lie abed artists create singing light not for ambition or bread but from their most secret heart for the lovers of art.,https://images.unsplash.com/photo-1614848568403-6327e384a261?ixid=MnwxMjA3fDB8MHxjb2xsZWN0aW9uLXBhZ2V8NnxIdjhCQUFyNTBoTXx8ZW58MHx8fHw%3D&ixlib=rb-1.2.1&w=400&q=80,Sindy Süßengut,photography,lanscape
TIME LAPSE PHOTOGRAPHY OF WATER RIPPLE,photography,In this craft or sullen art exercised in the still night when only the moon rages and the lovers lie abed artists create singing light not for ambition or bread but from their most secret heart for the lovers of art.,https://images.unsplash.com/photo-1533406494543-e6cf6430f44a?ixid=MnwxMjA3fDB8MHxjb2xsZWN0aW9uLXBhZ2V8OXxIdjhCQUFyNTBoTXx8ZW58MHx8fHw%3D&ixlib=rb-1.2.1&w=400&q=80,Jordan,photography,lanscape
CLEAR GLASS WITH WATER DROPLETS,photography,In this craft or sullen art exercised in the still night when only the moon rages and the lovers lie abed artists create singing light not for ambition or bread but from their most secret heart for the lovers of art.,https://images.unsplash.com/photo-1621533147145-f4101a62e9d6?ixid=MnwxMjA3fDB8MHxjb2xsZWN0aW9uLXBhZ2V8MTJ8SHY4QkFBcjUwaE18fGVufDB8fHx8&ixlib=rb-1.2.1&w=400&q=80,Nathan Kelly,photography,lanscape
RED YELLOW AND BLUE DOTS,photography,In this craft or sullen art exercised in the still night when only the moon rages and the lovers lie abed artists create singing light not for ambition or bread but from their most secret heart for the lovers of art.,https://images.unsplash.com/photo-1565049048182-522f760a94dc?ixid=MnwxMjA3fDB8MHxjb2xsZWN0aW9uLXBhZ2V8MTR8SHY4QkFBcjUwaE18fGVufDB8fHx8&ixlib=rb-1.2.1&w=400&q=80,David Clode,photography,lanscape
BRIDGE AT NIGHT TIME,photography,In this craft or sullen art exercised in the still night when only the moon rages and the lovers lie abed artists create singing light not for ambition or bread but from their most secret heart for the lovers of art.,https://images.unsplash.com/photo-1575146505799-d0020c135429?ixlib=rb-1.2.1&ixid=MnwxMjA3fDB8MHxjb2xsZWN0aW9uLXBhZ2V8MXx5RnJVUnoza2s2Z3x8ZW58MHx8fHw%3D&w=400&q=80,Rolly Lacap,city,lanscape
CITY BUILDINGS NEAR BODY OF WATER DURING DAYTIME,photography,In this craft or sullen art exercised in the still night when only the moon rages and the lovers lie abed artists create singing light not for ambition or bread but from their most secret heart for the lovers of art.,https://images.unsplash.com/photo-1600330003069-31b7e37ef946?ixid=MnwxMjA3fDB8MHxjb2xsZWN0aW9uLXBhZ2V8NXx5RnJVUnoza2s2Z3x8ZW58MHx8fHw%3D&ixlib=rb-1.2.1&w=400&q=80,贝莉儿 DANIST,city,lanscape
TIME LAPSE PHOTOGRAPHY OF PEOPLE WALKING ON ROAD BESIDE BUILDINGS,photography,In this craft or sullen art exercised in the still night when only the moon rages and the lovers lie abed artists create singing light not for ambition or bread but from their most secret heart for the lovers of art.,https://images.unsplash.com/photo-1578256227030-2c430dd60b7d?ixid=MnwxMjA3fDB8MHxjb2xsZWN0aW9uLXBhZ2V8N3x5RnJVUnoza2s2Z3x8ZW58MHx8fHw%3D&ixlib=rb-1.2.1&w=400&q=80,Robert Keane,city,lanscape
CITY DURING DAY,photography,In this craft or sullen art exercised in the still night when only the moon rages and the lovers lie abed artists create singing light not for ambition or bread but from their most secret heart for the lovers of art.,https://images.unsplash.com/photo-1551736828-3ab0bd4051b8?ixid=MnwxMjA3fDB8MHxjb2xsZWN0aW9uLXBhZ2V8MTB8eUZyVVJ6M2trNmd8fGVufDB8fHx8&ixlib=rb-1.2.1&w=400&q=80,Matteo Vistocco,city,lanscape
PEOPLE WALKING ON ROAD NEAR WELL-LIT BUILDINGS,photography,In this craft or sullen art exercised in the still night when only the moon rages and the lovers lie abed artists create singing light not for ambition or bread but from their most secret heart for the lovers of art.,https://images.unsplash.com/photo-1540959733332-eab4deabeeaf?ixlib=rb-1.2.1&ixid=MnwxMjA3fDB8MHxjb2xsZWN0aW9uLXBhZ2V8Mnx5RnJVUnoza2s2Z3x8ZW58MHx8fHw%3D&w=400&q=80,Jezael Melgoza,city,lanscape
LIGHTED CITY SKYLINE AT NIGHT,photography,In this craft or sullen art exercised in the still night when only the moon rages and the lovers lie abed artists create singing light not for ambition or bread but from their most secret heart for the lovers of art.,https://images.unsplash.com/photo-1553560015-3cad96043542?ixlib=rb-1.2.1&ixid=MnwxMjA3fDB8MHxjb2xsZWN0aW9uLXBhZ2V8NHx5RnJVUnoza2s2Z3x8ZW58MHx8fHw%3D&w=400&q=80,Kotaro Maruyama,city,lanscape
BRIDGE WITH LIGHTS DURING NIGHT TIME,photography,In this craft or sullen art exercised in the still night when only the moon rages and the lovers lie abed artists create singing light not for ambition or bread but from their most secret heart for the lovers of art.,https://images.unsplash.com/photo-1605312289835-01408f0b0b4b?ixid=MnwxMjA3fDB8MHxjb2xsZWN0aW9uLXBhZ2V8OHx5RnJVUnoza2s2Z3x8ZW58MHx8fHw%3D&ixlib=rb-1.2.1&w=400&q=80,Ivan Aleksic,city,lanscape
BROWN AND WHITE CONCRETE BUILDING NEAR BODY OF WATER DURING DAYTIME,photography,In this craft or sullen art exercised in the still night when only the moon rages and the lovers lie abed artists create singing light not for ambition or bread but from their most secret heart for the lovers of art.,https://images.unsplash.com/photo-1597182986004-05eb43f2b5ef?ixid=MnwxMjA3fDB8MHxjb2xsZWN0aW9uLXBhZ2V8MTJ8eUZyVVJ6M2trNmd8fGVufDB8fHx8&ixlib=rb-1.2.1&w=400&q=80,Andreas Dress,city,lanscape
CITY NIGHTS,photography,In this craft or sullen art exercised in the still night when only the moon rages and the lovers lie abed artists create singing light not for ambition or bread but from their most secret heart for the lovers of art.,https://images.unsplash.com/photo-1503642551022-c011aafb3c88?ixlib=rb-1.2.1&ixid=MnwxMjA3fDB8MHxjb2xsZWN0aW9uLXBhZ2V8M3x5RnJVUnoza2s2Z3x8ZW58MHx8fHw%3D&w=400&q=80,Denys Nevozhai,city,lanscape
CITY BUILDINGS NEAR BODY OF WATER DURING DAYTIME,photography,In this craft or sullen art exercised in the still night when only the moon rages and the lovers lie abed artists create singing light not for ambition or bread but from their most secret heart for the lovers of art.,https://images.unsplash.com/photo-1618662062577-1e1483c7b6c4?ixid=MnwxMjA3fDB8MHxjb2xsZWN0aW9uLXBhZ2V8Nnx5RnJVUnoza2s2Z3x8ZW58MHx8fHw%3D&ixlib=rb-1.2.1&w=400&q=80,Gonzalo Facello,city,lanscape
BROWN CONCRETE BUILDING DURING NIGHT TIME,photography,In this craft or sullen art exercised in the still night when only the moon rages and the lovers lie abed artists create singing light not for ambition or bread but from their most secret heart for the lovers of art.,https://images.unsplash.com/photo-1587648415693-4a5362b2ce41?ixid=MnwxMjA3fDB8MHxjb2xsZWN0aW9uLXBhZ2V8OXx5RnJVUnoza2s2Z3x8ZW58MHx8fHw%3D&ixlib=rb-1.2.1&w=400&q=80,Michael Fousert,city,lanscape
CITY SKYLINE UNDER BLUE SKY DURING DAYTIME,photography,In this craft or sullen art exercised in the still night when only the moon rages and the lovers lie abed artists create singing light not for ambition or bread but from their most secret heart for the lovers of art.,https://images.unsplash.com/photo-1597695486362-cfa67523c308?ixid=MnwxMjA3fDB8MHxjb2xsZWN0aW9uLXBhZ2V8MTF8eUZyVVJ6M2trNmd8fGVufDB8fHx8&ixlib=rb-1.2.1&w=400&q=80,Scott Evans,city,lanscape
PEOPLE WALKING ON SIDEWALK BETWEEN BUILDINGS DURING DAYTIME,photography,In this craft or sullen art exercised in the still night when only the moon rages and the lovers lie abed artists create singing light not for ambition or bread but from their most secret heart for the lovers of art.,https://images.unsplash.com/photo-1599069182504-a5127593e349?ixlib=rb-1.2.1&ixid=MnwxMjA3fDB8MHxjb2xsZWN0aW9uLXBhZ2V8MXxMWXliWU05dzZBQXx8ZW58MHx8fHw%3D&w=400&q=80,André Lergier,city,lanscape
AERIAL VIEW OF CITY UNDER CLOUDY SKY DURING DAY TIME,photography,In this craft or sullen art exercised in the still night when only the moon rages and the lovers lie abed artists create singing light not for ambition or bread but from their most secret heart for the lovers of art.,https://images.unsplash.com/photo-1495954380655-01609180eda3?ixid=MnwxMjA3fDB8MHxjb2xsZWN0aW9uLXBhZ2V8NXxMWXliWU05dzZBQXx8ZW58MHx8fHw%3D&ixlib=rb-1.2.1&w=400&q=80,bantersnaps,city,portait
BEIGE CONCRETE BUILDING NEAR CARS,photography,In this craft or sullen art exercised in the still night when only the moon rages and the lovers lie abed artists create singing light not for ambition or bread but from their most secret heart for the lovers of art.,https://images.unsplash.com/photo-1496871455396-14e56815f1f4?ixlib=rb-1.2.1&ixid=MnwxMjA3fDB8MHxjb2xsZWN0aW9uLXBhZ2V8MnxMWXliWU05dzZBQXx8ZW58MHx8fHw%3D&w=400&q=80,Denys Nevozhai,city,portait
LOW LIGHT PHOTOGRAPHY OF VEHICLE CROSSING ROAD BETWEEN HIGH-RISE BUILDINGS,photography,In this craft or sullen art exercised in the still night when only the moon rages and the lovers lie abed artists create singing light not for ambition or bread but from their most secret heart for the lovers of art.,https://images.unsplash.com/photo-1512850183-6d7990f42385?ixid=MnwxMjA3fDB8MHxjb2xsZWN0aW9uLXBhZ2V8NnxMWXliWU05dzZBQXx8ZW58MHx8fHw%3D&ixlib=rb-1.2.1&w=400&q=80,Malte Schmidt,city,portait
PEOPLE WALKING BETWEEN CONCRETE BUILDINGS,photography,In this craft or sullen art exercised in the still night when only the moon rages and the lovers lie abed artists create singing light not for ambition or bread but from their most secret heart for the lovers of art.,https://images.unsplash.com/photo-1554965471-f1a310364e3d?ixlib=rb-1.2.1&ixid=MnwxMjA3fDB8MHxjb2xsZWN0aW9uLXBhZ2V8M3xMWXliWU05dzZBQXx8ZW58MHx8fHw%3D&w=400&q=80,Benjamin Suter,city,portait
CITY BUILDINGS DURING NIGHT TIME,photography,In this craft or sullen art exercised in the still night when only the moon rages and the lovers lie abed artists create singing light not for ambition or bread but from their most secret heart for the lovers of art.,https://images.unsplash.com/photo-1519010470956-6d877008eaa4?ixlib=rb-1.2.1&ixid=MnwxMjA3fDB8MHxjb2xsZWN0aW9uLXBhZ2V8NHxMWXliWU05dzZBQXx8ZW58MHx8fHw%3D&w=400&q=80,JC Gellidon,city,portait
ARCHITECTURAL PHOTO OF TOWER BETWEEN BUILDINGS,photography,In this craft or sullen art exercised in the still night when only the moon rages and the lovers lie abed artists create singing light not for ambition or bread but from their most secret heart for the lovers of art.,https://images.unsplash.com/photo-1536098561742-ca998e48cbcc?ixlib=rb-1.2.1&ixid=MnwxMjA3fDB8MHxjb2xsZWN0aW9uLXBhZ2V8N3xMWXliWU05dzZBQXx8ZW58MHx8fHw%3D&w=400&q=80,Jezael Melgoza,city,portait
LOW-ANGLE PHOTOGRAPHY OF CONCRETE PAVEMENT,photography,In this craft or sullen art exercised in the still night when only the moon rages and the lovers lie abed artists create singing light not for ambition or bread but from their most secret heart for the lovers of art.,https://images.unsplash.com/photo-1527406812383-81cd5588d1d6?ixlib=rb-1.2.1&ixid=MnwxMjA3fDB8MHxjb2xsZWN0aW9uLXBhZ2V8MXx3VVlpLXdKelktWXx8ZW58MHx8fHw%3D&w=400&q=80,Ricardo Gomez Angel,city,portait
ROOF,photography,In this craft or sullen art exercised in the still night when only the moon rages and the lovers lie abed artists create singing light not for ambition or bread but from their most secret heart for the lovers of art.,https://images.unsplash.com/photo-1567686277431-b61208c5e16a?ixid=MnwxMjA3fDB8MHxjb2xsZWN0aW9uLXBhZ2V8Nnx3VVlpLXdKelktWXx8ZW58MHx8fHw%3D&ixlib=rb-1.2.1&w=400&q=80,iam_os,architecture,lanscape
PAINTING OF STAIRS WITH WHITE WOODEN FRAME,photography,In this craft or sullen art exercised in the still night when only the moon rages and the lovers lie abed artists create singing light not for ambition or bread but from their most secret heart for the lovers of art.,https://images.unsplash.com/photo-1448318440207-ef1893eb8ac0?ixid=MnwxMjA3fDB8MHxjb2xsZWN0aW9uLXBhZ2V8OXx3VVlpLXdKelktWXx8ZW58MHx8fHw%3D&ixlib=rb-1.2.1&w=400&q=80,Todd Quackenbush,architecture,lanscape
WHITE AND RED METAL FRAME,photography,In this craft or sullen art exercised in the still night when only the moon rages and the lovers lie abed artists create singing light not for ambition or bread but from their most secret heart for the lovers of art.,https://images.unsplash.com/photo-1484626753559-5fa3ea273ae8?ixid=MnwxMjA3fDB8MHxjb2xsZWN0aW9uLXBhZ2V8MTJ8d1VZaS13SnpZLVl8fGVufDB8fHx8&ixlib=rb-1.2.1&w=400&q=80,Denys Nevozhai,architecture,lanscape
WHITE AND BROWN BUILDING,photography,In this craft or sullen art exercised in the still night when only the moon rages and the lovers lie abed artists create singing light not for ambition or bread but from their most secret heart for the lovers of art.,https://images.unsplash.com/photo-1517352473989-d990d88faac4?ixid=MnwxMjA3fDB8MHxjb2xsZWN0aW9uLXBhZ2V8MTV8d1VZaS13SnpZLVl8fGVufDB8fHx8&ixlib=rb-1.2.1&w=400&q=80,Daniel Fazio,architecture,lanscape
GRAY HALLWAY,photography,In this craft or sullen art exercised in the still night when only the moon rages and the lovers lie abed artists create singing light not for ambition or bread but from their most secret heart for the lovers of art.,https://images.unsplash.com/photo-1480399129128-2066acb5009e?ixid=MnwxMjA3fDB8MHxjb2xsZWN0aW9uLXBhZ2V8MTh8d1VZaS13SnpZLVl8fGVufDB8fHx8&ixlib=rb-1.2.1&w=400&q=80,Matthew Hamilton,architecture,lanscape
BROWN CONCRETE PILLAR DURING DAYTIME,photography,In this craft or sullen art exercised in the still night when only the moon rages and the lovers lie abed artists create singing light not for ambition or bread but from their most secret heart for the lovers of art.,https://images.unsplash.com/photo-1606509012943-062d88e86cc2?ixlib=rb-1.2.1&ixid=MnwxMjA3fDB8MHxjb2xsZWN0aW9uLXBhZ2V8Mnx3VVlpLXdKelktWXx8ZW58MHx8fHw%3D&w=400&q=80,Tamara Bitter,architecture,lanscape
RED AND WHITE PAGODA,photography,In this craft or sullen art exercised in the still night when only the moon rages and the lovers lie abed artists create singing light not for ambition or bread but from their most secret heart for the lovers of art.,https://images.unsplash.com/photo-1533941045276-1babf2781d0b?ixlib=rb-1.2.1&ixid=MnwxMjA3fDB8MHxjb2xsZWN0aW9uLXBhZ2V8NHx3VVlpLXdKelktWXx8ZW58MHx8fHw%3D&w=400&q=80,Stacey Gabrielle Koenitz Rozells,architecture,lanscape
WHITE CLOUDS IN BLUE SKY OVER GOLD-COLORED METAL STRUCTURE,photography,In this craft or sullen art exercised in the still night when only the moon rages and the lovers lie abed artists create singing light not for ambition or bread but from their most secret heart for the lovers of art.,https://images.unsplash.com/photo-1546936676-ae320e2eebb3?ixid=MnwxMjA3fDB8MHxjb2xsZWN0aW9uLXBhZ2V8OHx3VVlpLXdKelktWXx8ZW58MHx8fHw%3D&ixlib=rb-1.2.1&w=400&q=80,Lorenzo Moschi,architecture,lanscape
RED TILES ILLUSTRATION,photography,In this craft or sullen art exercised in the still night when only the moon rages and the lovers lie abed artists create singing light not for ambition or bread but from their most secret heart for the lovers of art.,https://images.unsplash.com/photo-1482872376051-5ce74ebf0908?ixid=MnwxMjA3fDB8MHxjb2xsZWN0aW9uLXBhZ2V8MTB8d1VZaS13SnpZLVl8fGVufDB8fHx8&ixlib=rb-1.2.1&w=400&q=80,Ricardo Gomez Angel,architecture,lanscape
BROWN WOODEN DOCK OVER BLUE WATER,photography,In this craft or sullen art exercised in the still night when only the moon rages and the lovers lie abed artists create singing light not for ambition or bread but from their most secret heart for the lovers of art.,https://images.unsplash.com/photo-1597910038072-88d7f0a60a3d?ixid=MnwxMjA3fDB8MHxjb2xsZWN0aW9uLXBhZ2V8MTN8d1VZaS13SnpZLVl8fGVufDB8fHx8&ixlib=rb-1.2.1&w=400&q=80,Sam Moqadam,architecture,lanscape
BLACK STEEL AIR VENT COVER,photography,In this craft or sullen art exercised in the still night when only the moon rages and the lovers lie abed artists create singing light not for ambition or bread but from their most secret heart for the lovers of art.,https://images.unsplash.com/photo-1549890299-4ced92a8a11a?ixid=MnwxMjA3fDB8MHxjb2xsZWN0aW9uLXBhZ2V8MTZ8d1VZaS13SnpZLVl8fGVufDB8fHx8&ixlib=rb-1.2.1&w=400&q=80,Henry & Co.,architecture,lanscape
GOLD AND SILVER PENDANT LAMP,photography,In this craft or sullen art exercised in the still night when only the moon rages and the lovers lie abed artists create singing light not for ambition or bread but from their most secret heart for the lovers of art.,https://images.unsplash.com/photo-1622228262959-8cead91ed5c2?ixid=MnwxMjA3fDB8MHxjb2xsZWN0aW9uLXBhZ2V8M3x3VVlpLXdKelktWXx8ZW58MHx8fHw%3D&ixlib=rb-1.2.1&w=400&q=80,Raimond Klavins,architecture,lanscape
WHITE CONCRETE BUILDING WITH CHAIRS,photography,In this craft or sullen art exercised in the still night when only the moon rages and the lovers lie abed artists create singing light not for ambition or bread but from their most secret heart for the lovers of art.,https://images.unsplash.com/photo-1506345285442-8e9a3a298cdd?ixid=MnwxMjA3fDB8MHxjb2xsZWN0aW9uLXBhZ2V8NXx3VVlpLXdKelktWXx8ZW58MHx8fHw%3D&ixlib=rb-1.2.1&w=400&q=80,Joel Filipe,architecture,lanscape
BROWN SPIRAL STAIRCASE WITH WHITE METAL RAILINGS,photography,In this craft or sullen art exercised in the still night when only the moon rages and the lovers lie abed artists create singing light not for ambition or bread but from their most secret heart for the lovers of art.,https://images.unsplash.com/photo-1584247791865-0723a4c4b35a?ixid=MnwxMjA3fDB8MHxjb2xsZWN0aW9uLXBhZ2V8N3x3VVlpLXdKelktWXx8ZW58MHx8fHw%3D&ixlib=rb-1.2.1&w=400&q=80,Tandem X Visuals,architecture,lanscape
LOW ANGLE PHOTO OF BUILDING,photography,In this craft or sullen art exercised in the still night when only the moon rages and the lovers lie abed artists create singing light not for ambition or bread but from their most secret heart for the lovers of art.,https://images.unsplash.com/photo-1533640750342-723c1a4912e2?ixid=MnwxMjA3fDB8MHxjb2xsZWN0aW9uLXBhZ2V8MTF8d1VZaS13SnpZLVl8fGVufDB8fHx8&ixlib=rb-1.2.1&w=400&q=80,Fernando Meloni,architecture,lanscape
BEIDE AND BLUE,photography,In this craft or sullen art exercised in the still night when only the moon rages and the lovers lie abed artists create singing light not for ambition or bread but from their most secret heart for the lovers of art.,https://images.unsplash.com/photo-1576473386973-8842b0f3cdd4?ixid=MnwxMjA3fDB8MHxjb2xsZWN0aW9uLXBhZ2V8MTR8d1VZaS13SnpZLVl8fGVufDB8fHx8&ixlib=rb-1.2.1&w=400&q=80,Bilal O.,architecture,lanscape
WHITE LADDERS,photography,In this craft or sullen art exercised in the still night when only the moon rages and the lovers lie abed artists create singing light not for ambition or bread but from their most secret heart for the lovers of art.,https://images.unsplash.com/photo-1496283284170-5d0a178f1180?ixid=MnwxMjA3fDB8MHxjb2xsZWN0aW9uLXBhZ2V8MTd8d1VZaS13SnpZLVl8fGVufDB8fHx8&ixlib=rb-1.2.1&w=400&q=80,Ryan Tang,architecture,lanscape
WOMAN WITH SUGAR SKULL MAKEUP,photography,In this craft or sullen art exercised in the still night when only the moon rages and the lovers lie abed artists create singing light not for ambition or bread but from their most secret heart for the lovers of art.,https://images.unsplash.com/photo-1521610142770-4f09a2cdb252?ixlib=rb-1.2.1&ixid=MnwxMjA3fDB8MHxjb2xsZWN0aW9uLXBhZ2V8MXxrWTRzZG56S1RlZ3x8ZW58MHx8fHw%3D&w=400&q=80,tony hernandez,people,lanscape
WOMEN'S BLUE AND WHITE FLORAL SURPLICE NECKLINE CAMISOLE,photography,In this craft or sullen art exercised in the still night when only the moon rages and the lovers lie abed artists create singing light not for ambition or bread but from their most secret heart for the lovers of art.,https://images.unsplash.com/photo-1534385675048-b283e5848418?ixlib=rb-1.2.1&ixid=MnwxMjA3fDB8MHxjb2xsZWN0aW9uLXBhZ2V8NHxrWTRzZG56S1RlZ3x8ZW58MHx8fHw%3D&w=400&q=80,DESIGNECOLOGIST,people,lanscape
MAN IN BLUE AND WHITE STRIPED LONG SLEEVE SHIRT AND BLACK PANTS RIDING SKATEBOARD DURING DAYTIME,photography,In this craft or sullen art exercised in the still night when only the moon rages and the lovers lie abed artists create singing light not for ambition or bread but from their most secret heart for the lovers of art.,https://images.unsplash.com/photo-1616360599249-c87cd5bd9f3f?ixid=MnwxMjA3fDB8MHxjb2xsZWN0aW9uLXBhZ2V8OXxrWTRzZG56S1RlZ3x8ZW58MHx8fHw%3D&ixlib=rb-1.2.1&w=400&q=80,Maksym Tymchyk,people,lanscape
TWO MAN IN BLUE SHIRTS,photography,In this craft or sullen art exercised in the still night when only the moon rages and the lovers lie abed artists create singing light not for ambition or bread but from their most secret heart for the lovers of art.,https://images.unsplash.com/photo-1555101863-4af4500fbc08?ixid=MnwxMjA3fDB8MHxjb2xsZWN0aW9uLXBhZ2V8MTJ8a1k0c2RuektUZWd8fGVufDB8fHx8&ixlib=rb-1.2.1&w=400&q=80,Lucas Sankey,people,lanscape
MAN AND WOMAN PAINTING WALL,photography,In this craft or sullen art exercised in the still night when only the moon rages and the lovers lie abed artists create singing light not for ambition or bread but from their most secret heart for the lovers of art.,https://images.unsplash.com/photo-1511822148790-e7b58ba14c72?ixlib=rb-1.2.1&ixid=MnwxMjA3fDB8MHxjb2xsZWN0aW9uLXBhZ2V8MnxrWTRzZG56S1RlZ3x8ZW58MHx8fHw%3D&w=400&q=80,NeONBRAND,people,lanscape
SILHOUETTE OF PEOPLE,photography,In this craft or sullen art exercised in the still night when only the moon rages and the lovers lie abed artists create singing light not for ambition or bread but from their most secret heart for the lovers of art.,https://images.unsplash.com/photo-1504976640860-42dcbf3a56da?ixid=MnwxMjA3fDB8MHxjb2xsZWN0aW9uLXBhZ2V8NnxrWTRzZG56S1RlZ3x8ZW58MHx8fHw%3D&ixlib=rb-1.2.1&w=400&q=80,Tom Barrett,people,lanscape
MAN IN WHITE DRESS SHIRT SITTING ON CHAIR,photography,In this craft or sullen art exercised in the still night when only the moon rages and the lovers lie abed artists create singing light not for ambition or bread but from their most secret heart for the lovers of art.,https://images.unsplash.com/photo-1616069545889-2898b8d97e28?ixid=MnwxMjA3fDB8MHxjb2xsZWN0aW9uLXBhZ2V8OHxrWTRzZG56S1RlZ3x8ZW58MHx8fHw%3D&ixlib=rb-1.2.1&w=400&q=80,P.Y. L.,people,lanscape
PEOPLE STANDING ON STREET DURING DAYTIME,photography,In this craft or sullen art exercised in the still night when only the moon rages and the lovers lie abed artists create singing light not for ambition or bread but from their most secret heart for the lovers of art.,https://images.unsplash.com/photo-1598214180222-8260d7ec7fe9?ixid=MnwxMjA3fDB8MHxjb2xsZWN0aW9uLXBhZ2V8MTF8a1k0c2RuektUZWd8fGVufDB8fHx8&ixlib=rb-1.2.1&w=400&q=80,Scott Evans,people,lanscape
MAN WEARING BLACK PULLOVER HOODIE,photography,In this craft or sullen art exercised in the still night when only the moon rages and the lovers lie abed artists create singing light not for ambition or bread but from their most secret heart for the lovers of art.,https://images.unsplash.com/photo-1523307704902-3eabfe6f1402?ixlib=rb-1.2.1&ixid=MnwxMjA3fDB8MHxjb2xsZWN0aW9uLXBhZ2V8M3xrWTRzZG56S1RlZ3x8ZW58MHx8fHw%3D&w=400&q=80,Kamil Feczko,people,lanscape
WOMAN IN WATER,photography,In this craft or sullen art exercised in the still night when only the moon rages and the lovers lie abed artists create singing light not for ambition or bread but from their most secret heart for the lovers of art.,https://images.unsplash.com/photo-1533143217966-d0134c5e461e?ixid=MnwxMjA3fDB8MHxjb2xsZWN0aW9uLXBhZ2V8NXxrWTRzZG56S1RlZ3x8ZW58MHx8fHw%3D&ixlib=rb-1.2.1&w=400&q=80,Olga Bast,people,lanscape
GROUP OF PEOPLE DANCING PHOTO,photography,In this craft or sullen art exercised in the still night when only the moon rages and the lovers lie abed artists create singing light not for ambition or bread but from their most secret heart for the lovers of art.,https://images.unsplash.com/photo-1533106958148-daaeab8b83fe?ixid=MnwxMjA3fDB8MHxjb2xsZWN0aW9uLXBhZ2V8N3xrWTRzZG56S1RlZ3x8ZW58MHx8fHw%3D&ixlib=rb-1.2.1&w=400&q=80,Ahmad Odeh,people,lanscape
2 WOMEN IN BLACK COAT STANDING IN FRONT OF GLASS WALL,photography,In this craft or sullen art exercised in the still night when only the moon rages and the lovers lie abed artists create singing light not for ambition or bread but from their most secret heart for the lovers of art.,https://images.unsplash.com/photo-1585790812444-fdb3edec78cc?ixid=MnwxMjA3fDB8MHxjb2xsZWN0aW9uLXBhZ2V8MTB8a1k0c2RuektUZWd8fGVufDB8fHx8&ixlib=rb-1.2.1&w=400&q=80,Flaunter,people,lanscape
WOMAN WITH SUGAR SKULL MAKEUP,photography,In this craft or sullen art exercised in the still night when only the moon rages and the lovers lie abed artists create singing light not for ambition or bread but from their most secret heart for the lovers of art.,https://images.unsplash.com/photo-1521610142770-4f09a2cdb252?ixlib=rb-1.2.1&ixid=MnwxMjA3fDB8MHxjb2xsZWN0aW9uLXBhZ2V8MXxrWTRzZG56S1RlZ3x8ZW58MHx8fHw%3D&w=400&q=80,tony hernandez,people,lanscape
MAN IN BLACK JACKET AND BLUE DENIM JEANS STANDING ON GREEN AND GRAY ROUND POOL,photography,In this craft or sullen art exercised in the still night when only the moon rages and the lovers lie abed artists create singing light not for ambition or bread but from their most secret heart for the lovers of art.,https://images.unsplash.com/photo-1590477330477-9d4d4fe65316?ixlib=rb-1.2.1&ixid=MnwxMjA3fDB8MHxjb2xsZWN0aW9uLXBhZ2V8MXxlUEZRTlY5Ml9UZ3x8ZW58MHx8fHw%3D&w=400&q=80,Eric Christian King,illustration,portait
WOMAN IN BLUE AND RED FLORAL SHIRT,photography,In this craft or sullen art exercised in the still night when only the moon rages and the lovers lie abed artists create singing light not for ambition or bread but from their most secret heart for the lovers of art.,https://images.unsplash.com/photo-1581300741129-49680ba5ecc6?ixid=MnwxMjA3fDB8MHxjb2xsZWN0aW9uLXBhZ2V8NnxlUEZRTlY5Ml9UZ3x8ZW58MHx8fHw%3D&ixlib=rb-1.2.1&w=400&q=80,Jon Tyson,illustration,portait
MULTICOLORED GRAFFITI ART,photography,In this craft or sullen art exercised in the still night when only the moon rages and the lovers lie abed artists create singing light not for ambition or bread but from their most secret heart for the lovers of art.,https://images.unsplash.com/photo-1566808862516-196514d1bf1c?ixid=MnwxMjA3fDB8MHxjb2xsZWN0aW9uLXBhZ2V8OHxlUEZRTlY5Ml9UZ3x8ZW58MHx8fHw%3D&ixlib=rb-1.2.1&w=400&q=80,Marjan Blan,illustration,portait
ASSORTED-COLOR FLOWER ILLUSTRATIONS,photography,In this craft or sullen art exercised in the still night when only the moon rages and the lovers lie abed artists create singing light not for ambition or bread but from their most secret heart for the lovers of art.,https://images.unsplash.com/photo-1574087274792-b82d8d1e7094?ixid=MnwxMjA3fDB8MHxjb2xsZWN0aW9uLXBhZ2V8MTF8ZVBGUU5WOTJfVGd8fGVufDB8fHx8&ixlib=rb-1.2.1&w=400&q=80,British Library,illustration,portait
MAN IN BLACK HAT PAINTING,photography,In this craft or sullen art exercised in the still night when only the moon rages and the lovers lie abed artists create singing light not for ambition or bread but from their most secret heart for the lovers of art.,https://images.unsplash.com/photo-1591695063029-a1972e05e631?ixlib=rb-1.2.1&ixid=MnwxMjA3fDB8MHxjb2xsZWN0aW9uLXBhZ2V8MnxlUEZRTlY5Ml9UZ3x8ZW58MHx8fHw%3D&w=400&q=80,BP Miller,illustration,portait
WOMAN IN BLUE YELLOW AND RED FLORAL DRESS PAINTING,photography,In this craft or sullen art exercised in the still night when only the moon rages and the lovers lie abed artists create singing light not for ambition or bread but from their most secret heart for the lovers of art.,https://images.unsplash.com/photo-1617503752587-97d2103a96ea?ixlib=rb-1.2.1&ixid=MnwxMjA3fDB8MHxjb2xsZWN0aW9uLXBhZ2V8NHxlUEZRTlY5Ml9UZ3x8ZW58MHx8fHw%3D&w=400&q=80,Philipp Potocnik,illustration,portait
WHITE BLUE AND PINK CANVAS PAINTING,photography,In this craft or sullen art exercised in the still night when only the moon rages and the lovers lie abed artists create singing light not for ambition or bread but from their most secret heart for the lovers of art.,https://images.unsplash.com/photo-1551210414-d80dca9d11e1?ixid=MnwxMjA3fDB8MHxjb2xsZWN0aW9uLXBhZ2V8N3xlUEZRTlY5Ml9UZ3x8ZW58MHx8fHw%3D&ixlib=rb-1.2.1&w=400&q=80,Yannis H,illustration,portait
WHITE AND BROWN BIRD ILLUSTRATION,photography,In this craft or sullen art exercised in the still night when only the moon rages and the lovers lie abed artists create singing light not for ambition or bread but from their most secret heart for the lovers of art.,https://images.unsplash.com/photo-1584448098255-234156529929?ixid=MnwxMjA3fDB8MHxjb2xsZWN0aW9uLXBhZ2V8MTB8ZVBGUU5WOTJfVGd8fGVufDB8fHx8&ixlib=rb-1.2.1&w=400&q=80,McGill Library,illustration,portait
WOMAN IN BLACK AND BROWN COAT PAINTING,photography,In this craft or sullen art exercised in the still night when only the moon rages and the lovers lie abed artists create singing light not for ambition or bread but from their most secret heart for the lovers of art.,https://images.unsplash.com/photo-1582201957622-3bb35d578ffe?ixlib=rb-1.2.1&ixid=MnwxMjA3fDB8MHxjb2xsZWN0aW9uLXBhZ2V8M3xlUEZRTlY5Ml9UZ3x8ZW58MHx8fHw%3D&w=400&q=80,Birmingham Museums Trust,illustration,portait
MULTICOLORED PEOPLE PAINTING,photography,In this craft or sullen art exercised in the still night when only the moon rages and the lovers lie abed artists create singing light not for ambition or bread but from their most secret heart for the lovers of art.,https://images.unsplash.com/photo-1533560121291-cf992e8d8303?ixid=MnwxMjA3fDB8MHxjb2xsZWN0aW9uLXBhZ2V8NXxlUEZRTlY5Ml9UZ3x8ZW58MHx8fHw%3D&ixlib=rb-1.2.1&w=400&q=80,Andriyko Podilnyk,illustration,portait
WOMAN IN BLACK AND WHITE FLORAL ROBE SITTING ON BROWN WOODEN BENCH,photography,In this craft or sullen art exercised in the still night when only the moon rages and the lovers lie abed artists create singing light not for ambition or bread but from their most secret heart for the lovers of art.,https://images.unsplash.com/photo-1584448097639-99cf648e8def?ixid=MnwxMjA3fDB8MHxjb2xsZWN0aW9uLXBhZ2V8OXxlUEZRTlY5Ml9UZ3x8ZW58MHx8fHw%3D&ixlib=rb-1.2.1&w=400&q=80,McGill Library,illustration,portait
GREEN WHITE AND PURPLE ABSTRACT PAINTING,photography,In this craft or sullen art exercised in the still night when only the moon rages and the lovers lie abed artists create singing light not for ambition or bread but from their most secret heart for the lovers of art.,https://images.unsplash.com/photo-1615749190340-34c7c3b16784?ixlib=rb-1.2.1&ixid=MnwxMjA3fDB8MHxjb2xsZWN0aW9uLXBhZ2V8MXxiUlUycmpJRWtDd3x8ZW58MHx8fHw%3D&w=400&q=80,Pawel Czerwinski,abstract,portait
MULTICOLORED ABSTRACT PAINTING,photography,In this craft or sullen art exercised in the still night when only the moon rages and the lovers lie abed artists create singing light not for ambition or bread but from their most secret heart for the lovers of art.,https://images.unsplash.com/photo-1541580621-39f717ce77cd?ixid=MnwxMjA3fDB8MHxjb2xsZWN0aW9uLXBhZ2V8NnxiUlUycmpJRWtDd3x8ZW58MHx8fHw%3D&ixlib=rb-1.2.1&w=400&q=80,Annie Spratt,abstract,portait
YELLOW CAB,photography,In this craft or sullen art exercised in the still night when only the moon rages and the lovers lie abed artists create singing light not for ambition or bread but from their most secret heart for the lovers of art.,https://images.unsplash.com/photo-1505356822725-08ad25f3ffe4?ixid=MnwxMjA3fDB8MHxjb2xsZWN0aW9uLXBhZ2V8OXxiUlUycmpJRWtDd3x8ZW58MHx8fHw%3D&ixlib=rb-1.2.1&w=400&q=80,Scott Rodgerson,abstract,portait
ORANGE AND BROWN SPIRAL STAIRCASE,photography,In this craft or sullen art exercised in the still night when only the moon rages and the lovers lie abed artists create singing light not for ambition or bread but from their most secret heart for the lovers of art.,https://images.unsplash.com/photo-1534939452-77f9f61d782e?ixlib=rb-1.2.1&ixid=MnwxMjA3fDB8MHxjb2xsZWN0aW9uLXBhZ2V8MnxiUlUycmpJRWtDd3x8ZW58MHx8fHw%3D&w=400&q=80,Nicola Ricca,abstract,portait
RED AND BLUE,photography,In this craft or sullen art exercised in the still night when only the moon rages and the lovers lie abed artists create singing light not for ambition or bread but from their most secret heart for the lovers of art.,https://images.unsplash.com/photo-1527769929977-c341ee9f2033?ixlib=rb-1.2.1&ixid=MnwxMjA3fDB8MHxjb2xsZWN0aW9uLXBhZ2V8NHxiUlUycmpJRWtDd3x8ZW58MHx8fHw%3D&w=400&q=80,Andrej Lišakov,abstract,portait
METALS,photography,In this craft or sullen art exercised in the still night when only the moon rages and the lovers lie abed artists create singing light not for ambition or bread but from their most secret heart for the lovers of art.,https://images.unsplash.com/photo-1535083252457-6080fe29be45?ixid=MnwxMjA3fDB8MHxjb2xsZWN0aW9uLXBhZ2V8OHxiUlUycmpJRWtDd3x8ZW58MHx8fHw%3D&ixlib=rb-1.2.1&w=400&q=80,Vinicius amnx Amano,abstract,portait
MULTICOLORED HALLWAY,photography,In this craft or sullen art exercised in the still night when only the moon rages and the lovers lie abed artists create singing light not for ambition or bread but from their most secret heart for the lovers of art.,https://images.unsplash.com/photo-1500462918059-b1a0cb512f1d?ixid=MnwxMjA3fDB8MHxjb2xsZWN0aW9uLXBhZ2V8MTF8YlJVMnJqSUVrQ3d8fGVufDB8fHx8&ixlib=rb-1.2.1&w=400&q=80,Efe Kurnaz,abstract,portait
ORANGE BLUE AND WHITE ARTWORK,photography,In this craft or sullen art exercised in the still night when only the moon rages and the lovers lie abed artists create singing light not for ambition or bread but from their most secret heart for the lovers of art.,https://images.unsplash.com/photo-1552250575-e508473b090f?ixlib=rb-1.2.1&ixid=MnwxMjA3fDB8MHxjb2xsZWN0aW9uLXBhZ2V8M3xiUlUycmpJRWtDd3x8ZW58MHx8fHw%3D&w=400&q=80,Josep Martins,abstract,portait
BLUE ORANGE AND GRAY ABSTRACT ART,photography,In this craft or sullen art exercised in the still night when only the moon rages and the lovers lie abed artists create singing light not for ambition or bread but from their most secret heart for the lovers of art.,https://images.unsplash.com/photo-1544733422-251e532ca221?ixid=MnwxMjA3fDB8MHxjb2xsZWN0aW9uLXBhZ2V8NXxiUlUycmpJRWtDd3x8ZW58MHx8fHw%3D&ixlib=rb-1.2.1&w=400&q=80,Steve Johnson,abstract,portait
BIRD'S EYE VIEW OF MAZE GARDEN,photography,In this craft or sullen art exercised in the still night when only the moon rages and the lovers lie abed artists create singing light not for ambition or bread but from their most secret heart for the lovers of art.,https://images.unsplash.com/photo-1514621166532-aa7eb1a3a2f4?ixid=MnwxMjA3fDB8MHxjb2xsZWN0aW9uLXBhZ2V8N3xiUlUycmpJRWtDd3x8ZW58MHx8fHw%3D&ixlib=rb-1.2.1&w=400&q=80,Jason Leung,abstract,portait
MULTICOLORED ABSTRACT PAINTING,photography,In this craft or sullen art exercised in the still night when only the moon rages and the lovers lie abed artists create singing light not for ambition or bread but from their most secret heart for the lovers of art.,https://images.unsplash.com/photo-1484589065579-248aad0d8b13?ixid=MnwxMjA3fDB8MHxjb2xsZWN0aW9uLXBhZ2V8MTB8YlJVMnJqSUVrQ3d8fGVufDB8fHx8&ixlib=rb-1.2.1&w=400&q=80,Joel Filipe,abstract,portait
